,player_id,name,weight,birth_date,height,nationality,team_abbreviation,most_recent_season,box_plus_minus,games_played,games_started,player_efficiency_rating,three_point_percentage,true_shooting_percentage,two_point_attempts,two_point_percentage,two_pointers,personal_fouls,contract,total_rebounds,turnovers,position,points,three_pointers,free_throw_percentage,assists,three_point_attempts,steals,blocks
0,klebima01,Maxi Kleber,240,1992-01-29,82,Germany,DAL,2019.0,0.3,209.0,75.0,13.4,0.354,0.588,529.0,0.597,316.0,153.0,"$8,000,000",355.0,48.0,C,604.0,107.0,0.863,77.0,286.0,20.0,78.0
1,wrighde01,Delon Wright,183,1992-04-26,77,United States of America,DAL,2019.0,2.2,263.0,23.0,16.0,0.345,0.5489999999999999,1086.0,0.498,541.0,83.0,"$9,473,684",259.0,68.0,SG,474.0,45.0,0.789,220.0,117.0,76.0,21.0
2,finnedo01,Dorian Finney-Smith,220,1993-05-04,79,United States of America,DAL,2019.0,-1.6,247.0,135.0,10.2,0.327,0.5379999999999999,662.0,0.541,358.0,154.0,"$4,000,000",352.0,63.0,PF,597.0,99.0,0.722,97.0,265.0,44.0,37.0
3,hardati02,Tim Hardaway Jr.,205,1992-03-16,77,United States of America,DAL,2019.0,-1.0,466.0,229.0,13.7,0.354,0.546,2609.0,0.488,1273.0,105.0,"$18,150,000",198.0,61.0,SG,998.0,185.0,0.8009999999999999,124.0,455.0,39.0,5.0
4,curryse01,Seth Curry,185,1990-08-23,74,United States of America,,2019.0,,,,,,,,,,367.0,"$7,441,860",501.0,249.0,,2523.0,437.0,0.8440000000000001,442.0,986.0,175.0,30.0
5,jacksju01,Justin Jackson,210,1995-03-28,79,United States of America,DAL,2019.0,-2.6,207.0,57.0,10.2,0.325,0.531,634.0,0.532,337.0,58.0,"$3,280,920",142.0,12.0,PF,329.0,45.0,0.818,49.0,151.0,12.0,10.0
6,brunsja01,Jalen Brunson,190,1996-08-31,73,United States of America,DAL,2019.0,-1.3,130.0,54.0,13.6,0.35200000000000004,0.551,652.0,0.52,339.0,74.0,"$1,416,582",134.0,66.0,PG,466.0,43.0,0.813,188.0,120.0,22.0,4.0
7,doncilu01,Luka Dončić,218,1999-02-28,79,Slovenia,DAL,2019.0,5.9,126.0,126.0,23.1,0.322,0.564,1292.0,0.537,694.0,134.0,"$7,683,360",502.0,227.0,PG,1549.0,156.0,0.752,470.0,491.0,59.0,10.0
8,porzikr01,Kristaps Porziņģis,240,1995-08-02,87,Latvia,,2019.0,,,,,,,,,,747.0,"$27,285,000",1800.0,416.0,,4293.0,409.0,0.7979999999999999,337.0,1146.0,172.0,484.0
9,poweldw01,Dwight Powell,240,1991-07-20,82,Canada,DAL,2019.0,1.5,371.0,89.0,18.1,0.293,0.633,1534.0,0.625,959.0,102.0,"$10,259,375",227.0,36.0,C,376.0,10.0,0.667,59.0,39.0,34.0,22.0
10,marjabo01,Boban Marjanović,290,1988-08-15,88,Serbia,DAL,2019.0,3.1,223.0,19.0,26.1,0.32,0.635,862.0,0.585,504.0,47.0,"$3,500,000",153.0,26.0,C,232.0,4.0,0.7659999999999999,13.0,15.0,7.0,7.0
11,bareajo01,J.J. Barea,185,1984-06-26,70,Puerto Rico,DAL,2019.0,-0.7,828.0,105.0,14.5,0.35200000000000004,0.515,4336.0,0.462,2005.0,25.0,"$2,564,753",48.0,35.0,PG,194.0,29.0,0.9440000000000001,99.0,76.0,4.0,2.0
12,leeco01,Courtney Lee,215,1985-10-03,77,United States of America,DAL,2019.0,-0.6,811.0,518.0,12.2,0.388,0.5489999999999999,4308.0,0.484,2085.0,33.0,"$12,759,670",32.0,11.0,SG,107.0,21.0,0.857,12.0,47.0,18.0,6.0
13,caulewi01,Willie Cauley-Stein,240,1993-08-18,84,United States of America,TOT,2019.0,0.1,349.0,238.0,17.0,0.211,0.5589999999999999,2617.0,0.541,1417.0,121.0,"$2,177,483",315.0,40.0,C,390.0,0.0,0.606,70.0,1.0,49.0,61.0
14,kiddgmi01,Michael Kidd-Gilchrist,232,1993-09-26,78,United States of America,TOT,2019.0,-1.8,442.0,356.0,13.5,0.272,0.524,2976.0,0.481,1431.0,32.0,"$13,000,000",55.0,13.0,PF-SF,52.0,5.0,0.818,13.0,20.0,2.0,5.0
15,clevean01,Antonius Cleveland,195,1994-02-02,77,United States of America,DAL,2018.0,-5.7,23.0,0.0,4.3,0.6,0.459,22.0,0.318,7.0,2.0,,3.0,1.0,SG,5.0,0.0,0.5,0.0,1.0,1.0,1.0
16,reavejo02,Josh Reaves,215,1997-06-04,76,United States of America,DAL,2020.0,-39.5,2.0,0.0,-40.0,,0.0,1.0,0.0,0.0,0.0,,0.0,0.0,SG,0.0,0.0,,0.0,0.0,0.0,0.0
17,matthwe02,Wesley Matthews,220,1986-10-14,76,United States of America,MIL,2019.0,0.1,786.0,724.0,13.0,0.381,0.561,4026.0,0.469,1890.0,91.0,"$2,564,753",160.0,41.0,SG,467.0,101.0,0.762,91.0,277.0,37.0,9.0
18,lopezbr01,Brook Lopez,270,1988-04-01,84,United States of America,MIL,2019.0,1.4,778.0,740.0,19.5,0.338,0.5660000000000001,8609.0,0.522,4492.0,147.0,"$12,093,024",272.0,63.0,C,670.0,84.0,0.81,95.0,284.0,43.0,149.0
19,connapa01,Pat Connaughton,209,1993-01-06,77,United States of America,MIL,2019.0,-0.5,277.0,9.0,11.1,0.343,0.5529999999999999,521.0,0.5589999999999999,291.0,60.0,"$1,723,050",259.0,47.0,SG,309.0,44.0,0.75,95.0,137.0,20.0,30.0
20,lopezro01,Robin Lopez,275,1988-04-01,84,United States of America,MIL,2019.0,-1.0,826.0,584.0,16.0,0.299,0.5670000000000001,5597.0,0.535,2996.0,80.0,"$4,767,000",146.0,54.0,C,330.0,33.0,0.535,41.0,96.0,10.0,41.0
21,divindo01,Donte DiVincenzo,203,1997-01-31,76,United States of America,MIL,2019.0,1.1,86.0,22.0,13.6,0.322,0.556,272.0,0.5920000000000001,161.0,97.0,"$2,905,800",289.0,72.0,SG,554.0,76.0,0.769,136.0,221.0,80.0,18.0
22,antetgi01,Giannis Antetokounmpo,242,1994-12-06,83,Greece,MIL,2019.0,4.9,522.0,457.0,22.9,0.285,0.594,6193.0,0.5660000000000001,3508.0,173.0,"$25,842,697",783.0,209.0,PF,1690.0,83.0,0.633,329.0,271.0,59.0,58.0
23,bledser01,Eric Bledsoe,205,1989-12-09,73,United States of America,MIL,2019.0,2.2,626.0,464.0,18.1,0.337,0.5579999999999999,4917.0,0.507,2492.0,120.0,"$15,625,000",259.0,140.0,PG,865.0,70.0,0.813,302.0,201.0,53.0,25.0
24,ilyaser01,Ersan İlyasova,235,1987-05-15,81,Turkey,,2019.0,,,,,,,,,,1957.0,"$7,000,000",4606.0,782.0,,8267.0,861.0,0.7759999999999999,902.0,2355.0,549.0,287.0
25,middlkh01,Khris Middleton,222,1991-08-12,79,United States of America,MIL,2019.0,0.5,510.0,435.0,16.3,0.392,0.569,4342.0,0.4920000000000001,2135.0,122.0,"$30,603,448",341.0,113.0,SF,1159.0,133.0,0.9079999999999999,225.0,318.0,51.0,7.0
26,hillge01,George Hill,188,1986-05-04,75,United States of America,MIL,2019.0,1.5,778.0,447.0,15.1,0.385,0.5720000000000001,4240.0,0.5,2118.0,75.0,"$9,133,907",154.0,49.0,PG,498.0,73.0,0.831,151.0,152.0,42.0,4.0
27,korveky01,Kyle Korver,212,1981-03-17,79,United States of America,MIL,2019.0,0.6,1224.0,422.0,12.8,0.429,0.602,3558.0,0.464,1651.0,68.0,"$2,564,753",104.0,42.0,SF,336.0,86.0,0.8240000000000001,61.0,207.0,21.0,12.0
28,brownst02,Sterling Brown,232,1995-02-10,77,United States of America,MIL,2019.0,-2.1,157.0,12.0,9.9,0.344,0.521,383.0,0.486,186.0,45.0,"$1,618,520",165.0,36.0,SF,223.0,36.0,0.7709999999999999,46.0,114.0,22.0,7.0
29,wilsodj01,D.J. Wilson,231,1996-02-19,82,United States of America,MIL,2019.0,-2.5,101.0,3.0,9.9,0.332,0.51,181.0,0.503,91.0,26.0,"$2,961,120",68.0,15.0,PF,100.0,14.0,0.667,22.0,55.0,2.0,5.0
30,antetth01,Thanasis Antetokounmpo,205,1992-07-18,78,Greece,MIL,2016.0,-1.8,20.0,2.0,15.3,0.0,0.547,32.0,0.688,22.0,13.0,"$1,445,697",19.0,11.0,SF,45.0,0.0,0.467,9.0,7.0,6.0,2.0
31,willima02,Marvin Williams,237,1986-06-19,80,United States of America,TOT,2019.0,-0.4,1066.0,828.0,13.6,0.362,0.5479999999999999,5972.0,0.482,2877.0,94.0,"$15,006,250",148.0,28.0,PF,319.0,52.0,0.87,56.0,144.0,35.0,26.0
32,masonfr01,Frank Mason III,190,1994-04-03,71,United States of America,MIL,2019.0,-2.8,96.0,2.0,12.5,0.294,0.482,408.0,0.424,173.0,4.0,,8.0,6.0,PG,14.0,2.0,0.5,11.0,10.0,2.0,0.0
33,reynoca01,Cameron Reynolds,225,1995-02-07,79,United States of America,MIN,2019.0,-2.5,19.0,0.0,10.4,0.412,0.58,27.0,0.444,12.0,26.0,,31.0,5.0,SG,95.0,21.0,0.889,13.0,51.0,6.0,2.0
34,tuckepj01,P.J. Tucker,245,1985-05-05,77,United States of America,HOU,2019.0,-0.6,646.0,470.0,10.6,0.362,0.535,2210.0,0.475,1049.0,209.0,"$8,349,039",441.0,67.0,PF,456.0,95.0,0.841,101.0,257.0,70.0,31.0
35,mclembe01,Ben McLemore,195,1993-02-11,75,United States of America,HOU,2019.0,-3.0,431.0,252.0,9.6,0.363,0.54,1658.0,0.477,791.0,130.0,"$2,028,594",139.0,46.0,SG,619.0,154.0,0.758,54.0,390.0,38.0,12.0
36,hardeja01,James Harden,220,1989-08-26,77,United States of America,HOU,2019.0,6.9,826.0,613.0,24.7,0.363,0.61,7477.0,0.509,3806.0,206.0,"$37,800,000",388.0,273.0,SG,2096.0,271.0,0.861,450.0,769.0,106.0,53.0
37,riverau01,Austin Rivers,200,1992-08-01,75,United States of America,HOU,2019.0,-3.0,544.0,149.0,10.2,0.348,0.508,2697.0,0.462,1245.0,112.0,"$2,174,318",142.0,35.0,SG,507.0,83.0,0.667,96.0,232.0,42.0,10.0
38,houseda01,Danuel House,215,1993-06-07,78,United States of America,HOU,2019.0,-0.7,121.0,63.0,11.8,0.369,0.588,316.0,0.563,178.0,119.0,"$3,540,000",246.0,49.0,SF,593.0,113.0,0.8,78.0,311.0,64.0,32.0
39,westbru01,Russell Westbrook,200,1988-11-12,75,United States of America,HOU,2019.0,4.8,874.0,857.0,23.5,0.304,0.53,13256.0,0.469,6221.0,187.0,"$38,178,000",426.0,236.0,PG,1456.0,51.0,0.777,370.0,201.0,88.0,17.0
40,sefolth01,Thabo Sefolosha,220,1984-05-02,78,Switzerland,HOU,2019.0,0.6,869.0,475.0,11.4,0.349,0.536,2796.0,0.502,1403.0,43.0,"$2,564,753",93.0,15.0,PF,92.0,15.0,0.375,25.0,54.0,24.0,12.0
41,gordoer01,Eric Gordon,215,1988-12-25,75,United States of America,HOU,2019.0,-0.4,663.0,509.0,14.3,0.37,0.5579999999999999,4597.0,0.475,2184.0,68.0,"$14,057,730",65.0,36.0,SG,494.0,92.0,0.757,52.0,288.0,22.0,12.0
42,clemoch01,Chris Clemons,180,1997-07-23,69,United States of America,HOU,2020.0,-1.3,29.0,0.0,12.6,0.35100000000000003,0.546,32.0,0.563,18.0,20.0,"$568,422",23.0,17.0,SG,141.0,33.0,0.857,22.0,94.0,6.0,5.0
43,chandty01,Tyson Chandler,240,1982-10-02,84,United States of America,HOU,2019.0,0.1,1160.0,886.0,16.1,0.0,0.626,5953.0,0.598,3558.0,32.0,"$2,564,753",66.0,8.0,C,34.0,0.0,0.462,6.0,0.0,6.0,8.0
44,harteis01,Isaiah Hartenstein,249,1998-05-05,84,United States of America,HOU,2019.0,-1.6,51.0,2.0,14.8,0.182,0.633,97.0,0.639,62.0,41.0,"$1,416,852",90.0,16.0,C,107.0,0.0,0.679,18.0,5.0,9.0,12.0
45,covinro01,Robert Covington,211,1990-12-14,79,United States of America,TOT,2019.0,0.5,388.0,340.0,13.5,0.358,0.555,1510.0,0.489,738.0,196.0,"$11,301,219",397.0,93.0,PF,794.0,148.0,0.7959999999999999,74.0,424.0,95.0,80.0
46,greenje02,Jeff Green,235,1986-08-28,80,United States of America,TOT,2019.0,-1.3,900.0,543.0,13.2,0.334,0.5379999999999999,6849.0,0.484,3315.0,65.0,"$695,526",113.0,36.0,PF,337.0,48.0,0.7809999999999999,32.0,138.0,21.0,15.0
47,frazimi01,Michael Frazier,200,1994-03-08,75,United States of America,,2019.0,,,,,,,,,,,,,,,,,,,,,
48,carrode01,DeMarre Carroll,215,1986-07-27,78,United States of America,TOT,2019.0,0.0,575.0,339.0,13.3,0.358,0.545,2359.0,0.485,1145.0,28.0,"$811,447",47.0,16.0,SF,73.0,7.0,0.667,18.0,27.0,4.0,4.0
49,cabocbr01,Bruno Caboclo,218,1995-09-21,81,Brazil,TOT,2019.0,-2.4,96.0,20.0,11.2,0.314,0.509,182.0,0.484,88.0,25.0,"$1,845,301",53.0,9.0,SF,72.0,4.0,0.8,12.0,28.0,12.0,16.0
50,howarwi01,William Howard,205,1993-10-25,80,France,HOU,2020.0,-20.7,2.0,0.0,-12.7,0.0,0.0,0.0,,0.0,1.0,,2.0,1.0,SG,0.0,0.0,,1.0,4.0,0.0,0.0
51,simonan01,Anfernee Simons,181,1999-06-08,75,United States of America,POR,2019.0,-4.4,85.0,5.0,9.5,0.339,0.509,340.0,0.456,155.0,131.0,"$2,149,560",147.0,61.0,SG,572.0,74.0,0.826,95.0,219.0,26.0,10.0
52,mccolcj01,CJ McCollum,197,1991-09-19,75,United States of America,POR,2019.0,1.0,473.0,376.0,17.2,0.397,0.551,4866.0,0.484,2356.0,159.0,"$27,556,959",254.0,116.0,SG,1395.0,174.0,0.75,268.0,458.0,46.0,39.0
53,whiteha01,Hassan Whiteside,235,1989-06-13,84,United States of America,POR,2019.0,2.8,404.0,320.0,24.3,0.32,0.598,3978.0,0.583,2320.0,179.0,"$27,093,018",869.0,117.0,C,993.0,4.0,0.68,74.0,7.0,24.0,187.0
54,lillada01,Damian Lillard,195,1990-07-15,74,United States of America,POR,2019.0,4.6,607.0,607.0,21.9,0.371,0.578,6361.0,0.484,3076.0,98.0,"$29,802,321",250.0,168.0,PG,1677.0,226.0,0.888,453.0,573.0,59.0,21.0
55,trentga02,Gary Trent Jr.,209,1999-01-18,77,United States of America,POR,2019.0,-2.0,68.0,9.0,11.0,0.374,0.532,178.0,0.461,82.0,69.0,"$1,416,852",88.0,19.0,SG,406.0,78.0,0.833,50.0,201.0,39.0,13.0
56,anthoca01,Carmelo Anthony,240,1984-05-29,80,United States of America,POR,2019.0,1.6,1114.0,1106.0,19.9,0.348,0.541,16921.0,0.472,7992.0,142.0,"$2,159,029",313.0,87.0,PF,763.0,72.0,0.843,79.0,194.0,40.0,23.0
57,littlna01,Nassir Little,220,2000-02-11,77,United States of America,POR,2020.0,-3.5,48.0,5.0,9.7,0.237,0.505,92.0,0.5539999999999999,51.0,72.0,"$2,105,520",108.0,15.0,PF,172.0,14.0,0.636,22.0,59.0,13.0,14.0
58,hezonma01,Mario Hezonja,201,1995-02-25,80,Croatia,POR,2019.0,-2.8,324.0,69.0,10.5,0.321,0.516,1199.0,0.484,580.0,92.0,"$1,737,145",162.0,37.0,PF,225.0,21.0,0.8240000000000001,42.0,64.0,28.0,9.0
59,arizatr01,Trevor Ariza,215,1985-06-30,80,United States of America,TOT,2019.0,0.7,1064.0,731.0,13.2,0.35200000000000004,0.536,5102.0,0.484,2468.0,111.0,"$12,200,000",246.0,56.0,SF,423.0,77.0,0.838,91.0,207.0,69.0,15.0
60,hoodro01,Rodney Hood,208,1992-10-20,80,United States of America,POR,2019.0,-0.5,341.0,248.0,13.2,0.3720000000000001,0.542,2040.0,0.467,953.0,46.0,"$5,718,000",72.0,19.0,SF,230.0,35.0,0.778,32.0,71.0,17.0,4.0
61,swanica01,Caleb Swanigan,260,1997-04-18,81,United States of America,TOT,2019.0,-6.2,75.0,4.0,6.8,0.118,0.471,143.0,0.476,68.0,62.0,"$2,033,160",100.0,37.0,PF,65.0,0.0,0.529,31.0,2.0,3.0,7.0
62,gabriwe01,Wenyen Gabriel,220,1997-03-26,81,Sudan,,2019.0,,,,,,,,,,35.0,"$898,310",46.0,16.0,,60.0,6.0,0.7,8.0,20.0,10.0,6.0
63,hoardja01,Jaylen Hoard,216,1999-03-30,80,France,POR,2020.0,-1.9,13.0,0.0,14.9,0.0,0.504,29.0,0.517,15.0,12.0,,32.0,4.0,SF,38.0,0.0,0.615,4.0,3.0,5.0,0.0
64,brownmo01,Moses Brown,245,1999-10-13,86,United States of America,POR,2020.0,-9.9,9.0,0.0,6.7,,0.407,10.0,0.4,4.0,7.0,,14.0,3.0,C,11.0,0.0,0.375,1.0,0.0,1.0,1.0
65,colliza01,Zach Collins,232,1997-11-19,83,United States of America,POR,2019.0,-2.5,146.0,4.0,10.9,0.324,0.53,467.0,0.503,235.0,11.0,"$4,240,200",12.0,6.0,PF,27.0,3.0,1.0,6.0,7.0,0.0,2.0
66,nurkiju01,Jusuf Nurkić,280,1994-08-23,84,Bosnia and Herzegovina,POR,2019.0,0.2,310.0,229.0,19.1,0.071,0.529,2894.0,0.498,1440.0,250.0,"$12,000,000",748.0,168.0,C,1125.0,3.0,0.773,233.0,29.0,71.0,103.0
67,huntede01,De'Andre Hunter,225,1997-12-02,79,United States of America,ATL,2020.0,-4.7,63.0,62.0,8.6,0.355,0.521,379.0,0.454,172.0,182.0,"$7,068,360",286.0,103.0,SF,778.0,108.0,0.764,112.0,304.0,44.0,18.0
68,youngtr01,Trae Young,180,1998-09-19,73,United States of America,ATL,2019.0,1.5,141.0,141.0,20.2,0.344,0.5670000000000001,1455.0,0.488,710.0,104.0,"$6,273,000",255.0,289.0,PG,1778.0,205.0,0.86,560.0,568.0,65.0,8.0
69,cartevi01,Vince Carter,220,1977-01-26,78,United States of America,ATL,2019.0,3.0,1541.0,983.0,18.6,0.371,0.536,15171.0,0.462,7003.0,90.0,"$2,564,753",124.0,33.0,SF,298.0,61.0,0.7929999999999999,48.0,202.0,23.0,25.0
70,reddica01,Cam Reddish,208,1999-09-01,80,United States of America,ATL,2020.0,-4.2,58.0,34.0,9.0,0.332,0.5,304.0,0.428,130.0,132.0,"$4,245,720",216.0,96.0,SF,610.0,83.0,0.802,87.0,250.0,62.0,28.0
71,huertke01,Kevin Huerter,190,1998-08-27,79,United States of America,ATL,2019.0,-2.0,131.0,107.0,10.8,0.383,0.535,580.0,0.455,264.0,139.0,"$2,636,280",228.0,87.0,SG,684.0,127.0,0.828,213.0,334.0,51.0,27.0
72,fernabr01,Bruno Fernando,233,1998-08-15,81,Angola,ATL,2020.0,-4.1,56.0,13.0,11.9,0.135,0.542,162.0,0.605,98.0,107.0,"$1,400,000",198.0,42.0,C,240.0,5.0,0.569,49.0,37.0,18.0,17.0
73,jonesda03,Damian Jones,245,1995-06-30,83,United States of America,ATL,2019.0,-1.5,104.0,49.0,14.4,0.222,0.6859999999999999,281.0,0.68,191.0,149.0,"$2,305,057",206.0,28.0,C,306.0,2.0,0.738,35.0,9.0,26.0,40.0
74,bembrde01,DeAndre' Bembry,210,1994-07-04,77,United States of America,ATL,2019.0,-2.8,189.0,23.0,9.9,0.269,0.5,784.0,0.513,402.0,84.0,"$2,603,982",152.0,60.0,SG,249.0,15.0,0.542,81.0,65.0,55.0,19.0
75,collijo01,John Collins,235,1997-09-23,81,United States of America,ATL,2019.0,1.1,176.0,126.0,21.0,0.369,0.634,1629.0,0.615,1002.0,138.0,"$2,686,560",416.0,75.0,PF,885.0,59.0,0.8,60.0,147.0,31.0,66.0
76,goodwbr01,Brandon Goodwin,180,1995-10-02,72,United States of America,ATL,2019.0,-3.6,50.0,1.0,11.3,0.301,0.496,120.0,0.45,54.0,43.0,"$522,738",72.0,29.0,PG,206.0,26.0,0.9329999999999999,51.0,87.0,12.0,4.0
77,teaguje01,Jeff Teague,195,1988-06-10,75,United States of America,TOT,2019.0,0.7,771.0,593.0,17.0,0.35600000000000004,0.5489999999999999,5814.0,0.474,2753.0,106.0,"$19,000,000",142.0,116.0,PG,641.0,43.0,0.873,308.0,117.0,44.0,19.0
78,grahatr01,Treveon Graham,223,1993-10-28,77,United States of America,,2019.0,,,,,,,,,,297.0,"$1,678,854",400.0,76.0,,757.0,120.0,0.691,144.0,360.0,76.0,16.0
79,dedmode01,Dewayne Dedmon,245,1989-08-12,84,United States of America,TOT,2019.0,-1.1,394.0,194.0,14.7,0.333,0.584,1473.0,0.574,845.0,133.0,"$13,333,334",249.0,57.0,C,256.0,22.0,0.833,22.0,107.0,25.0,41.0
80,brownch02,Charlie Brown,199,1997-02-02,78,United States of America,ATL,2020.0,-2.5,10.0,0.0,11.1,0.333,0.472,10.0,0.3,3.0,3.0,,4.0,3.0,SG,20.0,3.0,1.0,2.0,9.0,2.0,2.0
81,capelca01,Clint Capela,240,1994-05-18,82,Switzerland,HOU,2019.0,1.9,334.0,274.0,22.0,0.0,0.629,2783.0,0.635,1766.0,102.0,"$16,456,522",537.0,63.0,C,543.0,0.0,0.529,48.0,0.0,33.0,72.0
82,labissk01,Skal Labissière,216,1996-03-18,82,Haiti,POR,2019.0,-2.3,148.0,42.0,15.0,0.353,0.546,787.0,0.507,399.0,89.0,"$2,338,847",169.0,30.0,C,190.0,3.0,0.758,42.0,13.0,7.0,31.0
83,hartjo01,Josh Hart,215,1995-03-06,77,United States of America,NOP,2019.0,-0.7,187.0,59.0,11.0,0.353,0.557,524.0,0.542,284.0,144.0,"$1,934,160",370.0,65.0,SF,579.0,111.0,0.747,94.0,325.0,59.0,21.0
84,ingrabr01,Brandon Ingram,190,1997-09-02,79,United States of America,NOP,2019.0,-1.4,246.0,207.0,13.5,0.35700000000000004,0.544,2442.0,0.4920000000000001,1201.0,162.0,"$7,265,485",350.0,174.0,PF,1358.0,137.0,0.858,241.0,354.0,56.0,37.0
85,balllo01,Lonzo Ball,190,1997-10-27,78,United States of America,NOP,2019.0,0.6,155.0,142.0,12.7,0.343,0.488,762.0,0.45,343.0,110.0,"$8,719,320",348.0,172.0,PG,695.0,139.0,0.5670000000000001,392.0,363.0,80.0,30.0
86,hayesja02,Jaxson Hayes,220,2000-05-23,83,United States of America,NOP,2020.0,0.1,56.0,12.0,17.8,0.25,0.675,231.0,0.667,154.0,142.0,"$4,862,040",223.0,41.0,C,420.0,1.0,0.63,51.0,4.0,23.0,53.0
87,holidjr01,Jrue Holiday,205,1990-06-12,75,United States of America,NOP,2019.0,1.2,707.0,634.0,16.9,0.355,0.529,7199.0,0.488,3510.0,125.0,"$26,131,111",268.0,158.0,SG,1076.0,115.0,0.7,378.0,322.0,92.0,44.0
88,redicjj01,J.J. Redick,200,1984-06-24,75,United States of America,NOP,2019.0,0.8,890.0,487.0,15.0,0.416,0.602,4162.0,0.482,2008.0,86.0,"$13,486,300",140.0,65.0,SG,805.0,156.0,0.902,108.0,345.0,19.0,9.0
89,mellini01,Nicolò Melli,235,1991-01-26,81,Italy,NOP,2020.0,-0.6,52.0,6.0,12.3,0.361,0.583,98.0,0.5920000000000001,58.0,105.0,"$3,902,439",157.0,42.0,C,355.0,65.0,0.733,67.0,180.0,30.0,19.0
90,mooreet01,E'Twaun Moore,191,1989-02-25,75,United States of America,NOP,2019.0,-1.9,566.0,189.0,11.4,0.39,0.535,2698.0,0.489,1318.0,77.0,"$8,664,928",123.0,38.0,SG,437.0,60.0,0.674,73.0,160.0,28.0,10.0
91,jacksfr01,Frank Jackson,205,1998-05-04,75,United States of America,,2019.0,,,,,,,,,,159.0,"$1,618,520",205.0,91.0,,780.0,92.0,0.745,110.0,289.0,40.0,6.0
92,favorde01,Derrick Favors,265,1991-07-15,81,United States of America,NOP,2019.0,0.9,677.0,479.0,18.9,0.207,0.562,5774.0,0.539,3115.0,99.0,"$17,650,000",445.0,51.0,C,415.0,1.0,0.581,75.0,7.0,25.0,44.0
93,alexani01,Nickeil Alexander-Walker,205,1998-09-02,77,Canada,NOP,2020.0,-4.9,41.0,0.0,7.6,0.342,0.441,110.0,0.336,37.0,46.0,"$2,964,840",80.0,40.0,SG,211.0,40.0,0.607,74.0,117.0,11.0,7.0
94,willike04,Kenrich Williams,210,1994-12-02,78,United States of America,NOP,2019.0,-2.1,81.0,47.0,8.8,0.306,0.466,170.0,0.465,79.0,81.0,"$1,416,852",178.0,21.0,PF,132.0,25.0,0.375,53.0,96.0,25.0,21.0
95,okafoja01,Jahlil Okafor,275,1995-12-15,82,United States of America,NOP,2019.0,-2.0,218.0,114.0,16.6,0.235,0.562,1879.0,0.539,1012.0,63.0,"$1,702,486",119.0,36.0,C,214.0,1.0,0.638,36.0,2.0,7.0,19.0
96,willizi01,Zion Williamson,285,2000-07-06,78,United States of America,NOP,2020.0,2.4,19.0,19.0,24.2,0.462,0.624,279.0,0.595,166.0,32.0,"$9,757,440",129.0,51.0,PF,448.0,6.0,0.645,41.0,13.0,16.0,9.0
97,cheatzy01,Zylan Cheatham,220,1995-11-17,77,United States of America,NOP,2020.0,-10.2,3.0,0.0,0.1,0.0,0.4,4.0,0.5,2.0,5.0,,6.0,3.0,SF,4.0,0.0,,2.0,1.0,0.0,1.0
98,grayjo01,Josh Gray,180,1993-09-09,72,United States of America,NOP,2018.0,-6.7,7.0,0.0,4.7,0.231,0.355,30.0,0.3,9.0,1.0,,2.0,5.0,PG,2.0,0.0,,2.0,0.0,0.0,0.0
99,milleda01,Darius Miller,225,1990-03-21,78,United States of America,NOP,2019.0,-2.5,253.0,28.0,8.4,0.382,0.5720000000000001,396.0,0.495,196.0,165.0,"$7,250,000",128.0,59.0,SF,567.0,133.0,0.789,146.0,364.0,40.0,23.0
100,zubaciv01,Ivica Zubac,240,1997-03-18,84,Bosnia and Herzegovina,LAC,2019.0,0.2,204.0,110.0,18.8,0.0,0.599,1069.0,0.562,601.0,146.0,"$6,481,482",461.0,53.0,C,511.0,0.0,0.759,69.0,2.0,13.0,60.0
101,harremo01,Montrezl Harrell,240,1994-01-26,79,United States of America,LAC,2019.0,2.6,318.0,25.0,22.4,0.1,0.633,2633.0,0.624,1643.0,146.0,"$6,000,000",445.0,108.0,C,1173.0,0.0,0.6579999999999999,107.0,18.0,39.0,72.0
102,willilo02,Lou Williams,175,1986-10-27,73,United States of America,LAC,2019.0,1.8,996.0,118.0,18.4,0.35,0.5539999999999999,7175.0,0.458,3286.0,77.0,"$8,000,000",186.0,172.0,SG,1119.0,107.0,0.863,344.0,295.0,40.0,10.0
103,greenja01,JaMychal Green,227,1990-06-21,80,United States of America,LAC,2019.0,-1.6,354.0,151.0,13.6,0.3670000000000001,0.56,1605.0,0.515,827.0,146.0,"$4,767,000",348.0,45.0,PF,356.0,74.0,0.727,43.0,204.0,25.0,20.0
104,leonaka01,Kawhi Leonard,230,1991-06-29,79,United States of America,LAC,2019.0,6.8,518.0,491.0,23.0,0.381,0.597,5091.0,0.534,2717.0,98.0,"$32,742,000",373.0,140.0,SF,1370.0,107.0,0.889,254.0,292.0,92.0,31.0
105,pattepa01,Patrick Patterson,230,1989-03-14,80,United States of America,LAC,2019.0,0.0,673.0,99.0,12.6,0.369,0.539,2408.0,0.499,1202.0,41.0,"$2,331,593",121.0,18.0,PF,234.0,55.0,0.794,31.0,142.0,6.0,3.0
106,mcgruro01,Rodney McGruder,200,1991-07-29,76,United States of America,LAC,2019.0,-2.2,212.0,115.0,8.9,0.338,0.509,591.0,0.481,284.0,67.0,"$4,629,630",128.0,21.0,SG,159.0,22.0,0.536,30.0,79.0,23.0,8.0
107,beverpa01,Patrick Beverley,185,1988-07-12,73,United States of America,LAC,2019.0,0.9,428.0,348.0,12.5,0.38,0.544,1448.0,0.456,661.0,150.0,"$12,345,679",259.0,64.0,PG,380.0,75.0,0.659,179.0,198.0,53.0,25.0
108,shamela01,Landry Shamet,188,1997-03-13,76,United States of America,LAC,2019.0,-1.6,126.0,54.0,10.2,0.41,0.602,244.0,0.467,114.0,130.0,"$1,995,120",90.0,36.0,SG,454.0,105.0,0.905,87.0,268.0,19.0,9.0
109,georgpa01,Paul George,220,1990-05-02,80,United States of America,LAC,2019.0,4.1,646.0,598.0,19.2,0.38,0.564,5922.0,0.47,2783.0,101.0,"$33,005,556",241.0,113.0,SF,880.0,133.0,0.882,162.0,333.0,56.0,20.0
110,mannte01,Terance Mann,215,1996-10-18,77,United States of America,LAC,2020.0,-3.5,35.0,6.0,7.1,0.25,0.472,42.0,0.452,19.0,36.0,"$1,000,000",33.0,14.0,SG,56.0,3.0,0.75,38.0,12.0,8.0,5.0
111,motlejo01,Johnathan Motley,230,1995-05-04,80,United States of America,LAC,2019.0,-1.4,46.0,4.0,19.1,0.2,0.5770000000000001,153.0,0.575,88.0,6.0,,10.0,5.0,PF,28.0,1.0,0.7140000000000001,8.0,1.0,3.0,0.0
112,coffeam01,Amir Coffey,205,1997-06-17,79,United States of America,LAC,2020.0,-6.8,13.0,0.0,5.9,0.14300000000000002,0.408,26.0,0.462,12.0,12.0,,14.0,3.0,SG,28.0,1.0,0.33299999999999996,9.0,7.0,1.0,1.0
113,morrima03,Marcus Morris,235,1989-09-02,80,United States of America,TOT,2019.0,-0.5,600.0,347.0,13.4,0.3670000000000001,0.536,3726.0,0.473,1762.0,161.0,"$15,000,000",281.0,88.0,SF-PF,955.0,133.0,0.823,77.0,324.0,42.0,27.0
114,kabenmf01,Mfiondu Kabengele,250,1997-08-14,81,Canada,LAC,2020.0,2.1,12.0,0.0,18.2,0.45,0.614,12.0,0.417,5.0,9.0,"$1,977,000",11.0,2.0,C,42.0,9.0,1.0,2.0,20.0,2.0,2.0
115,jacksre01,Reggie Jackson,208,1990-04-16,75,Italy,TOT,2019.0,0.5,553.0,343.0,16.0,0.336,0.524,4275.0,0.469,2006.0,40.0,"$17,286,956",67.0,40.0,PG,294.0,45.0,0.8140000000000001,101.0,113.0,10.0,5.0
116,noahjo01,Joakim Noah,230,1985-02-25,83,United States of America,MEM,2019.0,2.5,667.0,512.0,17.6,0.0,0.54,4550.0,0.493,2244.0,96.0,"$144,901",238.0,50.0,C,298.0,0.0,0.716,89.0,1.0,20.0,31.0
117,browntr01,Troy Brown Jr.,215,1999-07-28,78,United States of America,WAS,2019.0,-1.7,113.0,24.0,12.9,0.336,0.519,526.0,0.483,254.0,110.0,"$3,219,480",325.0,65.0,SG,594.0,50.0,0.754,142.0,145.0,76.0,6.0
118,smithis01,Ish Smith,175,1988-07-05,72,United States of America,WAS,2019.0,-1.3,602.0,161.0,13.5,0.318,0.476,3800.0,0.453,1723.0,84.0,"$5,853,659",189.0,77.0,PG,627.0,55.0,0.6859999999999999,285.0,150.0,52.0,24.0
119,bongais01,Isaac Bonga,180,1999-11-08,80,Germany,WAS,2019.0,-2.7,80.0,41.0,10.2,0.349,0.5660000000000001,154.0,0.513,79.0,136.0,"$1,416,852",183.0,41.0,SF,266.0,22.0,0.813,61.0,55.0,37.0,21.0
120,bealbr01,Bradley Beal,207,1993-06-28,75,United States of America,WAS,2019.0,1.6,545.0,511.0,17.8,0.38,0.5589999999999999,5936.0,0.4920000000000001,2921.0,126.0,"$27,093,019",242.0,194.0,SG,1741.0,170.0,0.8420000000000001,347.0,481.0,71.0,23.0
121,bertada01,Dāvis Bertāns,225,1992-11-12,82,Latvia,WAS,2019.0,1.2,274.0,32.0,14.0,0.411,0.618,428.0,0.526,225.0,139.0,"$7,000,000",245.0,59.0,PF,834.0,200.0,0.852,92.0,472.0,37.0,33.0
122,hachiru01,Rui Hachimura,230,1998-02-08,80,Japan,WAS,2020.0,-3.0,41.0,41.0,13.9,0.274,0.5429999999999999,383.0,0.517,198.0,89.0,"$4,469,160",248.0,41.0,PF,548.0,20.0,0.8290000000000001,70.0,73.0,34.0,7.0
123,bryanth01,Thomas Bryant,248,1997-07-31,82,United States of America,WAS,2019.0,1.5,125.0,81.0,20.3,0.344,0.662,667.0,0.667,445.0,85.0,"$7,936,508",260.0,48.0,C,460.0,22.0,0.737,71.0,54.0,14.0,33.0
124,mahinia01,Ian Mahinmi,262,1986-11-05,83,France,,2019.0,,,,,,,,,,1635.0,"$15,450,051",2705.0,601.0,,3209.0,8.0,0.612,357.0,50.0,357.0,443.0
125,wagnemo01,Moritz Wagner,245,1997-04-26,83,Germany,WAS,2019.0,-2.6,80.0,10.0,14.1,0.313,0.61,255.0,0.616,157.0,134.0,"$2,063,520",192.0,55.0,C,352.0,23.0,0.8170000000000001,49.0,67.0,22.0,17.0
126,paytoga02,Gary Payton II,190,1992-12-01,75,United States of America,WAS,2019.0,-2.5,61.0,23.0,10.5,0.256,0.464,138.0,0.507,70.0,54.0,"$1,090,781",80.0,20.0,PG,113.0,13.0,0.5,48.0,46.0,33.0,7.0
127,schofad01,Admiral Schofield,241,1997-03-30,77,United Kingdom,WAS,2020.0,-5.3,27.0,2.0,6.8,0.298,0.514,28.0,0.5710000000000001,16.0,41.0,"$898,310",34.0,7.0,SF,83.0,14.0,0.6920000000000001,14.0,47.0,8.0,3.0
128,pasecan01,Anžejs Pasečņiks,220,1995-12-20,85,Latvia,WAS,2020.0,-5.4,24.0,0.0,11.6,0.0,0.555,104.0,0.5379999999999999,56.0,65.0,"$482,144",99.0,22.0,C,144.0,0.0,0.593,17.0,2.0,8.0,12.0
129,mathega01,Garrison Mathews,215,1996-10-24,77,United States of America,WAS,2020.0,-1.1,18.0,0.0,13.1,0.413,0.691,10.0,0.5,5.0,32.0,,24.0,8.0,SG,98.0,19.0,0.912,10.0,46.0,8.0,1.0
130,napiesh01,Shabazz Napier,175,1991-07-14,72,United States of America,TOT,2019.0,-0.6,340.0,54.0,13.0,0.34600000000000003,0.532,1009.0,0.446,450.0,93.0,"$1,882,867",146.0,111.0,PG,527.0,71.0,0.823,253.0,222.0,66.0,9.0
131,robinje01,Jerome Robinson,190,1997-02-22,76,United States of America,TOT,2019.0,-4.6,88.0,4.0,6.4,0.304,0.457,165.0,0.424,70.0,83.0,"$3,567,720",106.0,34.0,SG,201.0,31.0,0.69,65.0,104.0,22.0,14.0
132,willijo04,Johnathan Williams,228,1995-05-22,81,United States of America,WAS,2019.0,-2.8,35.0,5.0,14.9,0.0,0.606,131.0,0.618,81.0,11.0,"$106,181",43.0,4.0,C,35.0,0.0,0.6,6.0,2.0,1.0,6.0
133,walljo01,John Wall,210,1990-09-06,76,United States of America,WAS,2019.0,2.6,573.0,561.0,19.4,0.324,0.519,7444.0,0.457,3403.0,71.0,"$37,800,000",116.0,121.0,PG,663.0,51.0,0.6970000000000001,279.0,169.0,49.0,29.0
134,brookdi01,Dillon Brooks,220,1996-01-22,79,Canada,MEM,2019.0,-4.3,165.0,139.0,10.2,0.364,0.518,1157.0,0.449,520.0,246.0,"$1,618,520",213.0,108.0,SG,1020.0,132.0,0.809,128.0,358.0,57.0,25.0
135,jonesty01,Tyus Jones,196,1996-05-10,72,United States of America,MEM,2019.0,0.0,312.0,40.0,14.0,0.345,0.52,1035.0,0.472,489.0,44.0,"$8,408,000",103.0,55.0,PG,484.0,47.0,0.741,285.0,124.0,59.0,6.0
136,valanjo01,Jonas Valančiūnas,265,1992-05-06,83,Lithuania,MEM,2019.0,0.7,551.0,523.0,20.2,0.361,0.613,4609.0,0.5710000000000001,2632.0,159.0,"$16,000,000",696.0,107.0,C,922.0,29.0,0.732,109.0,79.0,25.0,69.0
137,moranja01,Ja Morant,175,1999-08-10,75,United States of America,MEM,2020.0,0.4,59.0,59.0,18.0,0.3670000000000001,0.568,661.0,0.517,342.0,90.0,"$8,730,240",208.0,191.0,PG,1041.0,51.0,0.77,409.0,139.0,54.0,15.0
138,anderky01,Kyle Anderson,230,1993-09-20,81,United States of America,MEM,2019.0,1.5,359.0,160.0,13.4,0.307,0.545,1346.0,0.525,707.0,85.0,"$9,073,050",257.0,55.0,PF,335.0,16.0,0.652,132.0,62.0,46.0,31.0
139,jacksja02,Jaren Jackson Jr.,242,1999-09-15,83,United States of America,MEM,2019.0,0.0,112.0,110.0,16.3,0.386,0.59,808.0,0.545,440.0,219.0,"$6,927,480",254.0,94.0,C,914.0,135.0,0.741,76.0,340.0,36.0,87.0
140,meltode01,De'Anthony Melton,200,1998-05-28,74,United States of America,MEM,2019.0,-1.2,102.0,39.0,12.3,0.311,0.502,397.0,0.458,182.0,92.0,"$1,416,852",193.0,78.0,PG,420.0,37.0,0.821,157.0,117.0,65.0,18.0
141,clarkbr01,Brandon Clarke,210,1996-09-19,80,Canada,MEM,2020.0,3.5,50.0,3.0,21.8,0.404,0.67,356.0,0.654,233.0,82.0,"$2,478,840",292.0,46.0,PF,602.0,21.0,0.785,72.0,52.0,26.0,42.0
142,gudurma01,Marko Guduric,201,1995-03-08,78,Serbia,MEM,2020.0,-3.4,42.0,0.0,8.8,0.309,0.515,73.0,0.493,36.0,34.0,"$2,625,000",71.0,36.0,SG,170.0,25.0,0.92,45.0,81.0,12.0,8.0
143,allengr01,Grayson Allen,198,1995-10-08,76,United States of America,MEM,2019.0,-4.3,68.0,2.0,9.6,0.342,0.546,164.0,0.494,81.0,36.0,"$2,429,400",66.0,23.0,SG,221.0,33.0,0.857,43.0,91.0,6.0,1.0
144,jacksjo02,Josh Jackson,207,1997-02-10,80,United States of America,MEM,2019.0,-4.0,174.0,64.0,11.5,0.298,0.488,1414.0,0.46,651.0,39.0,"$7,059,480",58.0,25.0,SG,188.0,23.0,0.659,31.0,72.0,18.0,9.0
145,watanyu01,Yuta Watanabe,205,1994-10-13,80,Japan,MEM,2019.0,-6.8,31.0,0.0,5.6,0.208,0.392,56.0,0.393,22.0,9.0,,17.0,2.0,SG,30.0,3.0,0.375,4.0,8.0,5.0,1.0
146,konchjo01,John Konchar,210,1996-03-22,77,United States of America,MEM,2020.0,5.0,15.0,0.0,19.0,0.444,0.711,26.0,0.731,19.0,7.0,,46.0,6.0,SG,51.0,4.0,0.5,21.0,9.0,7.0,3.0
147,dienggo01,Gorgui Dieng,252,1990-01-18,82,Senegal,TOT,2019.0,0.2,510.0,204.0,16.2,0.343,0.5670000000000001,2758.0,0.519,1432.0,112.0,"$16,229,213",336.0,55.0,C,428.0,51.0,0.735,71.0,142.0,48.0,56.0
148,winslju01,Justise Winslow,225,1996-03-26,78,United States of America,MIA,2019.0,-1.8,241.0,105.0,10.4,0.337,0.486,1490.0,0.447,666.0,38.0,"$13,000,000",73.0,24.0,SF,124.0,6.0,0.667,44.0,27.0,7.0,5.0
149,portejo01,Jontay Porter,240,1999-11-15,83,United States of America,,2019.0,,,,,,,,,,,"$197,933",,,,,,,,,,
150,bridgmi01,Mikal Bridges,210,1996-08-30,78,United States of America,PHO,2019.0,-0.6,147.0,80.0,11.7,0.341,0.585,498.0,0.584,291.0,142.0,"$4,161,000",259.0,65.0,SF,565.0,56.0,0.848,115.0,159.0,93.0,39.0
151,bookede01,Devin Booker,210,1996-10-30,77,United States of America,PHO,2019.0,-0.3,334.0,309.0,16.8,0.355,0.5660000000000001,3883.0,0.49,1904.0,188.0,"$27,250,000",258.0,244.0,SG,1619.0,126.0,0.9159999999999999,408.0,350.0,45.0,16.0
152,saricda01,Dario Šarić,225,1994-04-08,82,Croatia,PHO,2019.0,-0.8,298.0,200.0,13.8,0.35600000000000004,0.5529999999999999,1706.0,0.499,851.0,132.0,"$3,481,986",345.0,72.0,PF,586.0,73.0,0.8320000000000001,109.0,214.0,34.0,15.0
153,rubiori01,Ricky Rubio,190,1990-10-21,75,Spain,PHO,2019.0,0.9,555.0,534.0,15.8,0.326,0.514,3725.0,0.416,1551.0,143.0,"$16,190,476",265.0,155.0,PG,744.0,66.0,0.853,507.0,188.0,88.0,9.0
154,oubreke01,Kelly Oubre Jr.,205,1995-12-09,79,United States of America,PHO,2019.0,-1.9,348.0,99.0,12.5,0.329,0.541,1830.0,0.503,921.0,192.0,"$15,625,000",361.0,83.0,SF,1046.0,108.0,0.78,85.0,307.0,71.0,40.0
155,okoboel01,Elie Okobo,190,1997-10-23,75,France,PHO,2019.0,-4.2,107.0,19.0,8.8,0.315,0.498,268.0,0.455,122.0,53.0,"$1,416,852",88.0,38.0,PG,215.0,25.0,0.687,113.0,71.0,24.0,4.0
156,carteje01,Jevon Carter,195,1995-09-14,73,United States of America,PHO,2019.0,-2.1,89.0,5.0,9.3,0.365,0.485,171.0,0.339,58.0,76.0,"$1,416,852",98.0,31.0,PG,231.0,46.0,0.84,65.0,117.0,38.0,13.0
157,johnsca02,Cameron Johnson,205,1996-03-03,80,United States of America,PHO,2020.0,-0.2,49.0,1.0,12.2,0.397,0.5760000000000001,96.0,0.469,45.0,72.0,"$4,033,440",140.0,29.0,PF,398.0,91.0,0.7609999999999999,52.0,229.0,30.0,16.0
158,diallch01,Cheick Diallo,220,1996-09-13,80,Mali,PHO,2019.0,-1.4,177.0,3.0,17.0,0.333,0.631,654.0,0.601,393.0,54.0,"$1,678,854",127.0,30.0,C,211.0,1.0,0.865,22.0,2.0,10.0,12.0
159,baynear01,Aron Baynes,260,1986-12-09,82,New Zealand,PHO,2019.0,-2.1,469.0,137.0,14.1,0.327,0.556,1982.0,0.517,1025.0,141.0,"$5,453,280",237.0,50.0,C,481.0,59.0,0.747,67.0,168.0,10.0,23.0
160,kaminfr01,Frank Kaminsky,240,1993-04-04,84,United States of America,PHO,2019.0,-0.6,314.0,36.0,13.8,0.349,0.532,1539.0,0.474,730.0,69.0,"$4,767,000",158.0,33.0,C,352.0,39.0,0.67,71.0,112.0,13.0,10.0
161,aytonde01,Deandre Ayton,250,1998-07-23,83,Bahamas,PHO,2019.0,0.3,101.0,95.0,20.5,0.0,0.595,1328.0,0.575,764.0,97.0,"$9,562,920",360.0,71.0,C,570.0,0.0,0.769,57.0,3.0,22.0,51.0
162,jeromty01,Ty Jerome,195,1997-07-08,77,United States of America,PHO,2020.0,-3.8,28.0,0.0,8.1,0.277,0.4370000000000001,59.0,0.407,24.0,28.0,"$2,193,480",41.0,18.0,PG,98.0,13.0,0.7859999999999999,43.0,47.0,14.0,3.0
163,lecquja01,Jalen Lecque,185,2000-06-13,75,United States of America,PHO,2020.0,-9.3,4.0,0.0,5.0,0.0,0.46,6.0,0.667,4.0,2.0,"$898,310",0.0,1.0,PG,10.0,0.0,1.0,2.0,4.0,0.0,0.0
164,owensta01,Tariq Owens,205,1995-06-30,82,United States of America,PHO,2020.0,-5.9,3.0,0.0,8.4,0.0,0.34,3.0,0.333,1.0,1.0,,3.0,0.0,PF,4.0,0.0,1.0,0.0,2.0,1.0,0.0
165,harpeja01,Jared Harper,175,1997-09-14,71,United States of America,PHO,2020.0,-15.8,3.0,0.0,-5.3,0.0,0.25,2.0,0.5,1.0,0.0,,0.0,0.0,PG,2.0,0.0,,0.0,2.0,0.0,0.0
166,adebaba01,Bam Adebayo,255,1997-07-18,81,United States of America,MIA,2019.0,2.0,216.0,112.0,18.4,0.114,0.603,1510.0,0.568,858.0,164.0,"$3,454,080",683.0,185.0,PF,1053.0,1.0,0.69,333.0,13.0,78.0,85.0
167,robindu01,Duncan Robinson,215,1994-04-22,79,United States of America,MIA,2019.0,0.0,80.0,61.0,12.4,0.438,0.6659999999999999,81.0,0.63,51.0,179.0,"$1,416,852",212.0,60.0,SF,863.0,243.0,0.9059999999999999,91.0,543.0,35.0,15.0
168,nunnke01,Kendrick Nunn,190,1995-08-03,74,United States of America,,2019.0,,,,,,,,,,142.0,"$1,416,852",168.0,101.0,,970.0,131.0,0.8370000000000001,210.0,362.0,51.0,11.0
169,olynyke01,Kelly Olynyk,240,1991-04-19,83,Canada,MIA,2019.0,0.8,492.0,100.0,15.7,0.375,0.588,2136.0,0.5489999999999999,1173.0,144.0,"$11,667,885",259.0,63.0,C,452.0,80.0,0.8540000000000001,97.0,185.0,38.0,18.0
170,butleji01,Jimmy Butler,230,1989-09-14,79,United States of America,MIA,2019.0,4.2,577.0,472.0,20.3,0.333,0.5720000000000001,5518.0,0.487,2686.0,74.0,"$32,742,000",359.0,118.0,SF,1093.0,29.0,0.833,331.0,117.0,92.0,29.0
171,dragigo01,Goran Dragić,190,1986-05-06,75,Slovenia,MIA,2019.0,0.8,812.0,509.0,17.0,0.364,0.5589999999999999,6223.0,0.507,3153.0,105.0,"$19,217,900",166.0,133.0,PG,868.0,118.0,0.769,273.0,313.0,31.0,8.0
172,jonesde02,Derrick Jones Jr.,210,1997-02-15,78,United States of America,MIA,2019.0,-0.5,163.0,45.0,13.7,0.276,0.58,575.0,0.603,347.0,114.0,"$1,645,357",213.0,27.0,SF,454.0,34.0,0.779,57.0,126.0,54.0,36.0
173,leoname01,Meyers Leonard,260,1992-02-27,84,United States of America,MIA,2019.0,-1.4,442.0,91.0,12.1,0.392,0.589,1147.0,0.5489999999999999,630.0,103.0,"$11,286,515",248.0,35.0,C,300.0,51.0,0.654,53.0,119.0,13.0,15.0
174,herroty01,Tyler Herro,200,2000-01-20,77,United States of America,MIA,2020.0,-2.3,47.0,6.0,11.4,0.391,0.534,279.0,0.434,121.0,59.0,"$3,640,200",187.0,72.0,SG,605.0,99.0,0.835,91.0,253.0,30.0,7.0
175,silvach01,Chris Silva,230,1996-09-19,80,Gabon,MIA,2020.0,-2.5,41.0,0.0,17.2,0.0,0.6629999999999999,67.0,0.642,43.0,80.0,"$466,918",109.0,31.0,PF,120.0,0.0,0.6940000000000001,21.0,2.0,9.0,18.0
176,iguodan01,Andre Iguodala,215,1984-01-28,78,United States of America,MIA,2019.0,2.3,1122.0,779.0,15.7,0.334,0.555,7459.0,0.519,3869.0,28.0,"$17,185,185",53.0,17.0,SG,61.0,9.0,0.25,28.0,24.0,8.0,16.0
177,crowdja01,Jae Crowder,235,1990-07-06,78,United States of America,TOT,2019.0,0.1,601.0,290.0,12.9,0.336,0.547,2196.0,0.515,1130.0,126.0,"$7,815,533",353.0,62.0,SF,602.0,113.0,0.785,151.0,355.0,67.0,21.0
178,hillso01,Solomon Hill,225,1991-03-18,78,United States of America,TOT,2019.0,-2.0,359.0,172.0,9.1,0.338,0.517,974.0,0.447,435.0,78.0,"$13,258,781",154.0,47.0,SF,289.0,59.0,0.7140000000000001,98.0,156.0,36.0,12.0
179,vincega01,Gabe Vincent,200,1996-06-14,75,United States of America,MIA,2020.0,-9.6,6.0,0.0,1.2,0.25,0.316,3.0,0.0,0.0,2.0,,3.0,0.0,PG,12.0,4.0,,3.0,16.0,1.0,0.0
180,okpalkz01,KZ Okpala,215,1999-04-28,80,United States of America,MIA,2020.0,2.7,5.0,0.0,13.7,0.0,0.595,4.0,0.75,3.0,2.0,"$898,310",5.0,1.0,SF,7.0,0.0,0.5,1.0,1.0,2.0,1.0
181,hasleud01,Udonis Haslem,235,1980-06-09,80,United States of America,MIA,2019.0,-2.0,857.0,499.0,13.0,0.07,0.5329999999999999,5338.0,0.494,2636.0,3.0,"$2,564,753",8.0,0.0,PF,5.0,0.0,0.75,1.0,2.0,0.0,0.0
182,alexaky01,Kyle Alexander,222,1996-10-21,83,Canada,,2019.0,,,,,,,,,,,,,,,,,,,,,
183,culveja01,Jarrett Culver,195,1999-02-20,78,United States of America,MIN,2020.0,-4.0,63.0,35.0,9.6,0.299,0.467,348.0,0.471,164.0,125.0,"$5,813,640",212.0,81.0,SG,580.0,66.0,0.462,110.0,221.0,57.0,38.0
184,okogijo01,Josh Okogie,212,1998-09-01,76,Nigeria,MIN,2019.0,-2.7,136.0,80.0,10.4,0.274,0.52,537.0,0.493,265.0,139.0,"$2,530,680",268.0,87.0,SG,533.0,41.0,0.7959999999999999,99.0,154.0,68.0,26.0
185,townska01,Karl-Anthony Towns,248,1995-11-15,83,United States of America,MIN,2019.0,4.8,358.0,358.0,25.1,0.396,0.622,4461.0,0.573,2556.0,117.0,"$27,250,000",378.0,110.0,C,926.0,114.0,0.7959999999999999,153.0,277.0,33.0,42.0
186,martike03,Kelan Martin,235,1995-08-03,77,United States of America,MIN,2020.0,-4.3,31.0,4.0,9.2,0.26,0.506,85.0,0.541,46.0,51.0,,96.0,20.0,SF,197.0,25.0,0.968,23.0,96.0,7.0,9.0
187,reidna01,Naz Reid,264,1999-08-26,81,United States of America,MIN,2020.0,-1.9,30.0,11.0,15.3,0.33,0.505,146.0,0.466,68.0,83.0,"$898,310",124.0,22.0,C,269.0,32.0,0.698,35.0,97.0,19.0,22.0
188,mclaujo01,Jordan McLaughlin,170,1996-04-09,71,United States of America,MIN,2020.0,0.3,30.0,2.0,16.3,0.382,0.5870000000000001,102.0,0.569,58.0,31.0,,49.0,31.0,PG,229.0,29.0,0.667,125.0,76.0,34.0,4.0
189,laymaja01,Jake Layman,209,1994-03-07,80,United States of America,MIN,2019.0,-2.1,164.0,37.0,11.2,0.309,0.544,415.0,0.5710000000000001,237.0,47.0,"$3,581,986",57.0,24.0,PF,210.0,24.0,0.75,15.0,72.0,17.0,10.0
190,nowelja01,Jaylen Nowell,196,1999-07-09,76,United States of America,MIN,2020.0,-3.7,15.0,0.0,10.5,0.115,0.471,27.0,0.593,16.0,11.0,"$1,400,000",13.0,3.0,SG,57.0,3.0,0.941,19.0,26.0,3.0,1.0
191,beaslma01,Malik Beasley,198,1996-11-26,76,United States of America,TOT,2019.0,-1.2,220.0,33.0,12.9,0.388,0.5660000000000001,731.0,0.513,375.0,77.0,"$2,731,714",148.0,57.0,SG,615.0,107.0,0.818,75.0,276.0,40.0,8.0
192,hernaju01,Juan Hernangómez,220,1995-09-28,81,Spain,TOT,2019.0,-1.6,205.0,51.0,11.4,0.359,0.56,387.0,0.512,198.0,64.0,"$3,321,030",197.0,32.0,PF,288.0,44.0,0.62,40.0,129.0,19.0,9.0
193,johnsja01,James Johnson,240,1987-02-20,79,United States of America,TOT,2019.0,0.8,634.0,220.0,14.6,0.31,0.5429999999999999,3131.0,0.5329999999999999,1668.0,80.0,"$15,349,400",118.0,48.0,PF,270.0,33.0,0.6459999999999999,74.0,91.0,25.0,32.0
194,russeda01,D'Angelo Russell,198,1996-02-23,76,United States of America,TOT,2019.0,0.4,317.0,269.0,16.4,0.35600000000000004,0.526,2760.0,0.468,1293.0,86.0,"$27,285,000",177.0,147.0,PG,1039.0,158.0,0.809,285.0,431.0,48.0,13.0
195,vandeja01,Jarred Vanderbilt,214,1999-04-03,81,United States of America,TOT,2019.0,-4.9,28.0,0.0,10.5,0.0,0.5579999999999999,25.0,0.56,14.0,6.0,"$1,416,852",9.0,7.0,SF-PF,12.0,0.0,1.0,2.0,1.0,3.0,1.0
196,evansja02,Jacob Evans,210,1997-06-18,76,United States of America,TOT,2019.0,-7.4,59.0,2.0,4.8,0.315,0.42,133.0,0.34600000000000003,46.0,41.0,"$1,925,880",41.0,25.0,SG,128.0,13.0,0.862,31.0,39.0,11.0,12.0
197,turneev01,Evan Turner,220,1988-10-27,78,United States of America,ATL,2019.0,-1.9,705.0,295.0,11.9,0.294,0.493,5414.0,0.458,2478.0,20.0,"$18,606,557",38.0,26.0,PG,62.0,0.0,0.857,38.0,5.0,9.0,8.0
198,spellom01,Omari Spellman,245,1997-07-21,80,United States of America,GSW,2019.0,-1.5,95.0,14.0,13.4,0.366,0.536,301.0,0.458,138.0,63.0,"$1,897,800",219.0,54.0,PF,370.0,43.0,0.7929999999999999,47.0,110.0,33.0,24.0
199,wanambr01,Brad Wanamaker,210,1989-07-25,75,United States of America,BOS,2019.0,-1.2,99.0,1.0,12.3,0.38,0.569,294.0,0.466,137.0,120.0,"$1,445,697",124.0,70.0,PG,413.0,33.0,0.9309999999999999,158.0,90.0,52.0,12.0
200,willigr01,Grant Williams,236,1998-11-30,78,United States of America,BOS,2020.0,-2.6,62.0,5.0,8.0,0.247,0.508,107.0,0.551,59.0,149.0,"$2,379,840",165.0,46.0,PF,218.0,21.0,0.725,62.0,85.0,28.0,33.0
201,ojelese01,Semi Ojeleye,235,1994-12-05,78,United States of America,BOS,2019.0,-3.5,190.0,8.0,6.5,0.333,0.518,193.0,0.482,93.0,63.0,"$1,618,520",124.0,12.0,PF,191.0,36.0,0.893,31.0,98.0,18.0,5.0
202,tatumja01,Jayson Tatum,204,1998-03-03,80,United States of America,BOS,2019.0,1.5,218.0,218.0,16.7,0.399,0.564,2011.0,0.484,974.0,121.0,"$7,830,000",418.0,132.0,PF,1390.0,167.0,0.8059999999999999,174.0,420.0,83.0,53.0
203,theisda01,Daniel Theis,215,1992-04-04,80,Germany,BOS,2019.0,1.1,187.0,62.0,17.2,0.34,0.624,675.0,0.619,418.0,201.0,"$5,000,000",380.0,48.0,C,539.0,26.0,0.764,95.0,81.0,35.0,75.0
204,smartma01,Marcus Smart,227,1994-03-06,75,United States of America,BOS,2019.0,-0.3,394.0,182.0,12.1,0.318,0.501,1661.0,0.434,721.0,142.0,"$12,553,471",204.0,89.0,SG,714.0,128.0,0.835,257.0,368.0,86.0,27.0
205,kanteen01,Enes Kanter,262,1992-05-20,82,Switzerland,BOS,2019.0,-0.2,634.0,222.0,20.7,0.287,0.585,5409.0,0.5489999999999999,2970.0,85.0,"$4,767,000",394.0,52.0,C,416.0,1.0,0.708,49.0,7.0,21.0,38.0
206,walkeke02,Kemba Walker,172,1990-05-08,72,United States of America,BOS,2019.0,2.9,655.0,610.0,19.4,0.36,0.5379999999999999,6767.0,0.453,3066.0,77.0,"$32,742,000",204.0,107.0,PG,1060.0,165.0,0.867,247.0,438.0,47.0,25.0
207,brownja02,Jaylen Brown,223,1996-10-24,78,United States of America,BOS,2019.0,-1.2,272.0,165.0,13.8,0.37,0.562,1792.0,0.526,942.0,151.0,"$6,534,829",318.0,116.0,SF,1022.0,107.0,0.736,109.0,281.0,56.0,16.0
208,haywago01,Gordon Hayward,207,1990-03-23,79,United States of America,BOS,2019.0,2.2,634.0,472.0,17.5,0.366,0.5660000000000001,5079.0,0.489,2483.0,81.0,"$32,700,690",294.0,79.0,SF,778.0,74.0,0.847,185.0,189.0,35.0,20.0
209,greenja02,Javonte Green,220,1993-07-23,76,United States of America,BOS,2020.0,-0.6,44.0,1.0,12.3,0.261,0.5579999999999999,75.0,0.573,43.0,37.0,"$898,310",80.0,18.0,SF,127.0,6.0,0.639,23.0,23.0,23.0,7.0
210,edwarca01,Carsen Edwards,200,1998-03-12,71,United States of America,BOS,2020.0,-4.9,35.0,0.0,6.5,0.309,0.446,45.0,0.35600000000000004,16.0,33.0,"$1,228,026",43.0,15.0,SG,106.0,21.0,0.846,22.0,68.0,10.0,3.0
211,langfro01,Romeo Langford,216,1999-10-25,76,United States of America,BOS,2020.0,-4.6,27.0,1.0,6.0,0.217,0.465,41.0,0.463,19.0,29.0,"$3,458,400",32.0,9.0,SG,69.0,5.0,0.696,6.0,23.0,8.0,6.0
212,williro04,Robert Williams,237,1997-10-17,80,United States of America,BOS,2019.0,2.9,55.0,3.0,19.2,,0.685,113.0,0.69,78.0,40.0,"$1,937,520",108.0,20.0,C,98.0,0.0,0.56,22.0,0.0,20.0,28.0
213,poirivi01,Vincent Poirier,235,1993-10-17,84,France,BOS,2020.0,-3.8,21.0,0.0,12.8,0.5,0.54,31.0,0.484,15.0,23.0,"$2,505,793",34.0,6.0,C,39.0,1.0,0.857,7.0,2.0,2.0,6.0
214,watertr01,Tremont Waters,175,1998-01-10,70,United States of America,BOS,2020.0,-6.5,10.0,0.0,6.5,0.17600000000000002,0.438,18.0,0.5,9.0,11.0,,9.0,10.0,PG,33.0,3.0,1.0,12.0,17.0,5.0,2.0
215,fallta01,Tacko Fall,311,1995-12-10,89,Senegal,BOS,2020.0,1.0,6.0,0.0,23.9,,0.713,12.0,0.75,9.0,5.0,,11.0,3.0,C,19.0,0.0,0.33299999999999996,0.0,0.0,0.0,2.0
216,daviste02,Terence Davis,205,1997-05-16,76,United States of America,TOR,2020.0,1.3,64.0,2.0,14.5,0.396,0.598,169.0,0.55,93.0,104.0,"$898,310",217.0,65.0,SG,495.0,88.0,0.865,107.0,222.0,32.0,12.0
217,anunoog01,OG Anunoby,232,1997-07-17,79,United Kingdom,TOR,2019.0,-0.5,204.0,130.0,11.2,0.362,0.578,663.0,0.59,391.0,155.0,"$2,281,800",341.0,75.0,SF,675.0,82.0,0.6859999999999999,99.0,215.0,88.0,42.0
218,bouchch01,Chris Boucher,200,1993-01-11,81,Saint Lucia,TOR,2019.0,1.6,84.0,0.0,20.2,0.292,0.5670000000000001,200.0,0.565,113.0,104.0,"$1,588,231",242.0,23.0,PF,348.0,28.0,0.7959999999999999,23.0,99.0,20.0,53.0
219,siakapa01,Pascal Siakam,230,1994-04-02,81,Cameroon,TOR,2019.0,1.5,269.0,175.0,16.8,0.333,0.58,1975.0,0.562,1110.0,151.0,"$2,351,839",399.0,132.0,PF,1253.0,115.0,0.8,191.0,320.0,53.0,49.0
220,lowryky01,Kyle Lowry,196,1986-03-25,72,United States of America,TOR,2019.0,3.2,908.0,672.0,18.4,0.366,0.565,5534.0,0.471,2604.0,168.0,"$33,296,296",251.0,154.0,PG,1026.0,153.0,0.861,399.0,432.0,70.0,22.0
221,holliro01,Rondae Hollis-Jefferson,217,1995-01-03,78,United States of America,TOR,2019.0,-0.7,286.0,152.0,14.7,0.214,0.518,1985.0,0.472,936.0,105.0,"$2,500,000",254.0,49.0,SF,375.0,2.0,0.736,90.0,17.0,44.0,22.0
222,ibakase01,Serge Ibaka,235,1989-09-18,84,Republic of Congo,TOR,2019.0,0.6,803.0,646.0,17.2,0.361,0.5710000000000001,6693.0,0.5479999999999999,3667.0,138.0,"$23,271,604",414.0,100.0,C,801.0,66.0,0.748,73.0,166.0,24.0,42.0
223,vanvlfr01,Fred VanVleet,195,1994-02-25,73,United States of America,TOR,2019.0,1.5,225.0,76.0,14.9,0.392,0.541,1033.0,0.428,442.0,118.0,"$9,000,000",180.0,110.0,PG,845.0,131.0,0.843,317.0,338.0,91.0,13.0
224,powelno01,Norman Powell,215,1993-05-25,75,United States of America,TOR,2019.0,-0.3,299.0,86.0,13.5,0.359,0.569,1171.0,0.529,619.0,93.0,"$10,116,576",161.0,64.0,SG,721.0,94.0,0.838,78.0,236.0,55.0,17.0
225,mccawpa01,Patrick McCaw,185,1995-10-25,79,United States of America,TOR,2019.0,-2.8,194.0,43.0,7.8,0.305,0.51,393.0,0.506,199.0,60.0,"$4,000,000",86.0,29.0,SF,170.0,23.0,0.722,79.0,71.0,39.0,4.0
226,gasolma01,Marc Gasol,255,1985-01-29,83,Spain,TOR,2019.0,3.1,831.0,816.0,18.2,0.35600000000000004,0.556,8347.0,0.4970000000000001,4152.0,101.0,"$25,595,700",228.0,43.0,C,275.0,51.0,0.722,124.0,127.0,28.0,33.0
227,thomama02,Matt Thomas,190,1994-08-04,76,United States of America,TOR,2020.0,1.4,33.0,0.0,13.6,0.467,0.65,36.0,0.528,19.0,31.0,"$898,310",48.0,12.0,SG,150.0,35.0,0.7,17.0,75.0,8.0,0.0
228,millema01,Malcolm Miller,210,1993-03-06,79,United States of America,,2019.0,,,,,,,,,,27.0,"$1,588,231",34.0,9.0,,96.0,24.0,0.5710000000000001,12.0,61.0,6.0,5.0
229,johnsst04,Stanley Johnson,245,1996-05-29,78,United States of America,TOR,2019.0,-2.9,305.0,64.0,8.6,0.29100000000000004,0.465,1175.0,0.429,504.0,10.0,"$3,623,000",22.0,8.0,PF,23.0,2.0,0.833,8.0,13.0,4.0,2.0
230,brissos01,Oshae Brissett,210,1998-06-20,79,Canada,TOR,2020.0,-5.4,19.0,0.0,6.7,0.2,0.458,21.0,0.476,10.0,18.0,,26.0,7.0,SF,37.0,3.0,0.8,7.0,15.0,4.0,1.0
231,hernade01,Dewan Hernandez,235,1996-12-09,82,United States of America,TOR,2020.0,-21.3,4.0,0.0,4.2,0.0,0.34,4.0,0.25,1.0,6.0,"$898,310",7.0,1.0,C,4.0,0.0,1.0,0.0,1.0,1.0,0.0
232,watsopa01,Paul Watson,215,1994-12-30,79,United States of America,TOT,2020.0,-7.3,5.0,0.0,-0.5,0.0,0.056,4.0,0.0,0.0,1.0,"$50,752",4.0,0.0,SF-SG,1.0,0.0,0.5,5.0,4.0,1.0,1.0
233,caldwke01,Kentavious Caldwell-Pope,205,1993-02-18,77,United States of America,LAL,2019.0,-0.7,533.0,391.0,12.1,0.35,0.5329999999999999,2834.0,0.478,1354.0,117.0,"$8,089,282",132.0,55.0,SG,601.0,87.0,0.779,105.0,221.0,53.0,13.0
234,howardw01,Dwight Howard,265,1985-12-08,82,United States of America,LAL,2019.0,2.1,1106.0,1045.0,21.5,0.132,0.601,11406.0,0.589,6716.0,200.0,"$2,564,753",457.0,73.0,C,468.0,3.0,0.494,42.0,5.0,27.0,76.0
235,greenda02,Danny Green,215,1987-06-22,78,United States of America,LAL,2019.0,2.1,681.0,605.0,13.0,0.402,0.568,1906.0,0.461,879.0,129.0,"$14,634,146",206.0,54.0,SG,501.0,113.0,0.727,86.0,299.0,76.0,29.0
236,mcgeeja01,JaVale McGee,270,1988-01-19,84,United States of America,LAL,2019.0,0.2,694.0,310.0,19.6,0.152,0.5870000000000001,4057.0,0.578,2345.0,145.0,"$4,000,000",354.0,47.0,C,414.0,3.0,0.653,34.0,6.0,31.0,92.0
237,jamesle01,LeBron James,250,1984-12-30,81,United States of America,LAL,2019.0,8.9,1258.0,1257.0,27.5,0.344,0.586,19245.0,0.5489999999999999,10564.0,106.0,"$37,436,858",473.0,239.0,PG,1544.0,133.0,0.6970000000000001,636.0,381.0,74.0,30.0
238,carusal01,Alex Caruso,186,1994-02-28,77,United States of America,,2019.0,,,,,,,,,,191.0,"$2,750,000",244.0,130.0,,679.0,75.0,0.765,254.0,200.0,107.0,36.0
239,davisan02,Anthony Davis,253,1993-03-11,82,United States of America,LAL,2019.0,6.3,521.0,516.0,27.5,0.319,0.588,8254.0,0.535,4415.0,138.0,"$27,093,019",517.0,135.0,PF,1467.0,65.0,0.845,172.0,194.0,82.0,134.0
240,kuzmaky01,Kyle Kuzma,220,1995-07-24,80,United States of America,LAL,2019.0,-1.5,201.0,112.0,13.5,0.327,0.542,1622.0,0.531,861.0,106.0,"$1,974,600",242.0,85.0,PF,674.0,70.0,0.738,69.0,236.0,21.0,21.0
241,bradlav01,Avery Bradley,180,1990-11-26,75,United States of America,LAL,2019.0,-2.2,571.0,493.0,11.1,0.364,0.515,4152.0,0.472,1958.0,110.0,"$4,767,000",115.0,47.0,SG,423.0,63.0,0.833,63.0,173.0,43.0,5.0
242,rondora01,Rajon Rondo,186,1986-02-22,73,United States of America,LAL,2019.0,1.3,873.0,729.0,16.0,0.316,0.5,6918.0,0.483,3341.0,58.0,"$2,564,753",142.0,91.0,PG,342.0,41.0,0.659,240.0,125.0,40.0,2.0
243,dudleja01,Jared Dudley,237,1985-07-10,78,United States of America,LAL,2019.0,0.2,887.0,286.0,12.6,0.394,0.5760000000000001,2945.0,0.517,1523.0,36.0,"$2,564,753",43.0,6.0,SF,58.0,16.0,1.0,19.0,34.0,12.0,3.0
244,cookqu01,Quinn Cook,179,1993-03-23,73,United States of America,LAL,2019.0,-2.2,159.0,28.0,12.5,0.412,0.565,534.0,0.509,272.0,23.0,"$3,000,000",40.0,25.0,PG,183.0,25.0,0.667,40.0,66.0,11.0,1.0
245,morrima02,Markieff Morris,245,1989-09-02,80,United States of America,TOT,2019.0,-1.3,631.0,347.0,14.0,0.344,0.527,4721.0,0.482,2275.0,120.0,"$2,241,808",199.0,75.0,PF,524.0,81.0,0.7829999999999999,74.0,210.0,28.0,15.0
246,antetko01,Kostas Antetokounmpo,200,1997-11-20,82,Greece,LAL,2019.0,-7.4,5.0,0.0,2.1,,0.21,3.0,0.0,0.0,0.0,,1.0,0.0,PF,0.0,0.0,,1.0,0.0,0.0,0.0
247,hortota01,Talen Horton-Tucker,235,2000-11-25,76,United States of America,LAL,2020.0,7.8,2.0,0.0,14.8,0.0,0.0,0.0,,0.0,0.0,"$898,310",0.0,0.0,SG,0.0,0.0,,2.0,1.0,1.0,0.0
248,cacokde01,Devontae Cacok,240,1996-10-08,79,United States of America,,2019.0,,,,,,,,,,,,,,,,,,,,,
249,waitedi01,Dion Waiters,215,1991-12-10,75,United States of America,MIA,2019.0,-2.1,412.0,211.0,12.0,0.348,0.494,3407.0,0.442,1507.0,5.0,"$503,656",11.0,3.0,SG,28.0,8.0,0.0,3.0,17.0,0.0,2.0
250,jokicni01,Nikola Jokić,253,1995-02-19,84,Serbia,DEN,2019.0,7.1,373.0,332.0,24.9,0.338,0.604,3640.0,0.5760000000000001,2095.0,200.0,"$26,573,595",663.0,202.0,C,1313.0,71.0,0.813,446.0,226.0,77.0,43.0
251,morrimo01,Monte Morris,175,1995-06-27,74,United States of America,DEN,2019.0,1.0,150.0,14.0,15.8,0.398,0.561,820.0,0.517,424.0,64.0,"$1,588,231",112.0,45.0,PG,549.0,54.0,0.823,230.0,144.0,53.0,16.0
252,grantje01,Jerami Grant,214,1994-03-12,80,United States of America,DEN,2019.0,-0.9,447.0,167.0,12.8,0.348,0.5579999999999999,2075.0,0.521,1081.0,141.0,"$9,346,153",227.0,55.0,PF,742.0,88.0,0.7440000000000001,79.0,220.0,44.0,52.0
253,bartowi01,Will Barton,175,1991-01-06,77,United States of America,DEN,2019.0,0.0,496.0,161.0,14.6,0.34700000000000003,0.531,3044.0,0.481,1463.0,121.0,"$12,960,000",365.0,88.0,SF,874.0,108.0,0.767,212.0,288.0,61.0,29.0
254,harriga01,Gary Harris,205,1994-09-14,76,United States of America,DEN,2019.0,-0.9,368.0,306.0,13.1,0.36,0.5579999999999999,2182.0,0.519,1132.0,116.0,"$17,839,286",163.0,60.0,SG,581.0,70.0,0.815,118.0,210.0,76.0,14.0
255,murraja01,Jamal Murray,201,1997-02-23,76,Canada,DEN,2019.0,-0.1,293.0,219.0,15.5,0.358,0.55,2313.0,0.491,1135.0,97.0,"$4,444,746",217.0,124.0,PG,1033.0,105.0,0.893,266.0,304.0,64.0,16.0
256,plumlma01,Mason Plumlee,238,1990-03-05,83,United States of America,DEN,2019.0,1.3,524.0,257.0,17.9,0.065,0.5870000000000001,2958.0,0.579,1714.0,125.0,"$14,041,096",282.0,72.0,C,380.0,0.0,0.536,125.0,4.0,29.0,33.0
257,craigto01,Torrey Craig,215,1990-12-19,79,United States of America,DEN,2019.0,-2.2,164.0,61.0,10.3,0.321,0.5479999999999999,352.0,0.58,204.0,112.0,"$2,100,000",156.0,22.0,SF,248.0,36.0,0.645,34.0,109.0,18.0,32.0
258,portemi01,Michael Porter Jr.,215,1998-06-29,82,United States of America,,2019.0,,,,,,,,,,75.0,"$3,389,400",199.0,35.0,,358.0,43.0,0.767,35.0,102.0,20.0,19.0
259,millspa01,Paul Millsap,250,1985-02-10,79,United States of America,DEN,2019.0,2.0,989.0,702.0,19.0,0.343,0.56,9196.0,0.513,4718.0,127.0,"$30,500,000",260.0,61.0,PF,529.0,48.0,0.833,70.0,109.0,38.0,28.0
260,doziepj01,PJ Dozier,205,1996-10-25,78,United States of America,DEN,2019.0,-4.8,29.0,0.0,10.3,0.25,0.447,78.0,0.462,36.0,27.0,,30.0,11.0,PG,86.0,7.0,0.636,29.0,28.0,7.0,5.0
261,cancavl01,Vlatko Čančar,210,1997-04-10,80,Slovenia,DEN,2020.0,-4.5,14.0,0.0,11.4,0.16699999999999998,0.507,9.0,0.556,5.0,7.0,"$1,517,981",10.0,3.0,SF,17.0,1.0,1.0,3.0,6.0,1.0,1.0
262,vonleno01,Noah Vonleh,257,1995-08-24,82,United States of America,TOT,2019.0,-2.3,332.0,171.0,12.0,0.31,0.527,1090.0,0.501,546.0,38.0,"$2,000,000",123.0,21.0,C-PF,127.0,3.0,0.8,27.0,15.0,11.0,6.0
263,bateske01,Keita Bates-Diop,229,1996-01-23,80,United States of America,TOT,2019.0,-1.9,69.0,3.0,11.3,0.301,0.521,204.0,0.515,105.0,38.0,"$1,416,852",112.0,14.0,SF,258.0,31.0,0.71,30.0,94.0,17.0,21.0
264,danietr01,Troy Daniels,205,1991-07-15,76,United States of America,TOT,2019.0,-2.2,334.0,20.0,10.4,0.396,0.561,502.0,0.414,208.0,30.0,"$481,000",46.0,9.0,SG,174.0,40.0,0.625,14.0,113.0,8.0,3.0
265,bolbo01,Bol Bol,235,1999-11-16,86,Sudan,,2019.0,,,,,,,,,,,,,,,,,,,,,
266,millspa02,Patty Mills,180,1988-08-11,73,Australia,SAS,2019.0,0.6,668.0,56.0,14.4,0.389,0.563,2174.0,0.482,1047.0,98.0,"$12,428,571",99.0,51.0,PG,735.0,148.0,0.861,112.0,389.0,52.0,6.0
267,forbebr01,Bryn Forbes,190,1993-07-23,74,United States of America,SAS,2019.0,-2.4,261.0,155.0,10.7,0.4,0.5589999999999999,893.0,0.468,418.0,113.0,"$2,875,000",126.0,57.0,SG,707.0,148.0,0.833,108.0,381.0,33.0,0.0
268,lylestr01,Trey Lyles,234,1995-11-05,81,Canada,SAS,2019.0,-1.2,351.0,94.0,13.1,0.341,0.527,1345.0,0.496,667.0,98.0,"$5,500,000",361.0,39.0,PF,404.0,65.0,0.733,69.0,168.0,28.0,28.0
269,derozde01,DeMar DeRozan,220,1989-08-07,78,United States of America,SAS,2019.0,0.4,813.0,801.0,18.2,0.28300000000000003,0.541,11598.0,0.475,5510.0,164.0,"$27,739,975",344.0,147.0,SF,1352.0,8.0,0.843,340.0,30.0,62.0,14.0
270,whitede01,Derrick White,190,1994-07-02,76,United States of America,SAS,2019.0,0.9,145.0,68.0,15.3,0.359,0.5720000000000001,725.0,0.519,376.0,133.0,"$1,948,080",193.0,75.0,SG,633.0,57.0,0.857,206.0,160.0,39.0,55.0
271,gayru01,Rudy Gay,230,1986-08-17,80,United States of America,SAS,2019.0,0.7,939.0,777.0,16.7,0.345,0.536,10600.0,0.484,5135.0,89.0,"$14,000,000",322.0,78.0,PF,601.0,58.0,0.8759999999999999,101.0,185.0,26.0,28.0
272,murrade01,Dejounte Murray,170,1996-09-19,76,United States of America,,2019.0,,,,,,,,,,308.0,"$2,321,735",836.0,280.0,,1403.0,52.0,0.7390000000000001,516.0,147.0,205.0,53.0
273,poeltja01,Jakob Pöltl,230,1995-10-15,85,Austria,SAS,2019.0,1.0,271.0,38.0,17.7,0.5,0.635,1005.0,0.638,641.0,96.0,"$3,754,886",310.0,45.0,C,306.0,0.0,0.486,102.0,0.0,30.0,84.0
274,aldrila01,LaMarcus Aldridge,260,1985-07-19,83,United States of America,SAS,2019.0,1.7,1003.0,962.0,20.8,0.312,0.5429999999999999,15534.0,0.498,7737.0,128.0,"$26,000,000",392.0,74.0,C,1001.0,61.0,0.8270000000000001,129.0,157.0,36.0,87.0
275,walkelo01,Lonnie Walker,205,1998-12-14,77,United States of America,SAS,2019.0,-3.1,70.0,4.0,11.0,0.405,0.505,229.0,0.428,98.0,70.0,"$2,760,480",115.0,31.0,SG,299.0,29.0,0.7170000000000001,46.0,71.0,28.0,13.0
276,belinma01,Marco Belinelli,210,1986-03-25,77,Italy,SAS,2019.0,-1.3,855.0,219.0,12.2,0.376,0.5489999999999999,3709.0,0.465,1726.0,41.0,"$5,846,154",90.0,16.0,SG,301.0,57.0,0.78,64.0,155.0,10.0,1.0
277,metuch01,Chimezie Metu,225,1997-03-22,81,United States of America,SAS,2019.0,-4.8,45.0,0.0,12.8,0.0,0.466,90.0,0.433,39.0,4.0,"$1,416,852",26.0,5.0,PF,46.0,0.0,0.75,6.0,1.0,1.0,4.0
278,eubandr01,Drew Eubanks,245,1997-02-01,81,United States of America,SAS,2019.0,-2.5,37.0,3.0,15.2,1.0,0.713,53.0,0.66,35.0,21.0,,35.0,10.0,PF,51.0,1.0,0.727,5.0,1.0,2.0,6.0
279,johnske04,Keldon Johnson,211,1999-10-11,77,United States of America,SAS,2020.0,-0.9,9.0,0.0,16.6,0.4,0.579,26.0,0.5379999999999999,14.0,9.0,"$1,950,600",17.0,3.0,SF,41.0,2.0,0.7,6.0,5.0,5.0,1.0
280,weathqu01,Quinndary Weatherspoon,207,1996-09-10,75,United States of America,SAS,2020.0,-15.1,3.0,0.0,-5.1,0.0,0.0,2.0,0.0,0.0,0.0,,1.0,0.0,SG,0.0,0.0,,1.0,1.0,0.0,0.0
281,samanlu01,Luka Šamanić,227,2000-01-09,82,Croatia,SAS,2020.0,-11.9,1.0,0.0,-3.4,0.0,0.0,2.0,0.0,0.0,0.0,"$2,689,920",2.0,0.0,PF,0.0,0.0,,3.0,2.0,0.0,0.0
282,harrito02,Tobias Harris,235,1992-07-15,80,United States of America,PHI,2019.0,0.9,611.0,491.0,16.7,0.364,0.561,5609.0,0.513,2877.0,148.0,"$31,034,483",440.0,97.0,PF,1259.0,117.0,0.8059999999999999,205.0,323.0,49.0,35.0
283,korkmfu01,Furkan Korkmaz,190,1997-07-24,79,Turkey,PHI,2019.0,-1.8,126.0,19.0,11.3,0.3720000000000001,0.551,309.0,0.485,150.0,89.0,"$1,620,564",148.0,52.0,SG,623.0,126.0,0.736,70.0,317.0,36.0,15.0
284,scottmi01,Mike Scott,237,1988-07-16,79,United States of America,PHI,2019.0,-1.7,499.0,21.0,12.8,0.363,0.5539999999999999,1729.0,0.523,905.0,85.0,"$4,767,000",225.0,24.0,PF,358.0,73.0,0.833,48.0,204.0,19.0,5.0
285,horfoal01,Al Horford,245,1986-06-03,81,Dominican Replubic,PHI,2019.0,2.8,846.0,839.0,18.7,0.361,0.569,8301.0,0.544,4513.0,128.0,"$28,000,000",412.0,65.0,C,722.0,89.0,0.753,244.0,264.0,52.0,55.0
286,thybuma01,Matisse Thybulle,200,1997-03-04,77,United States of America,PHI,2020.0,0.1,57.0,13.0,9.8,0.35200000000000004,0.53,92.0,0.5,46.0,120.0,"$2,582,160",86.0,45.0,SG,267.0,50.0,0.61,70.0,142.0,80.0,40.0
287,simmobe01,Ben Simmons,230,1996-07-20,82,Australia,,2019.0,,,,,,,,,,593.0,"$8,113,930",1779.0,744.0,,3518.0,2.0,0.594,1713.0,23.0,367.0,163.0
288,netora01,Raul Neto,179,1992-05-19,73,Brazil,PHI,2019.0,-1.5,248.0,57.0,11.2,0.38,0.5429999999999999,625.0,0.483,302.0,43.0,"$1,737,145",52.0,42.0,PG,212.0,28.0,0.8390000000000001,77.0,71.0,22.0,5.0
289,richajo01,Josh Richardson,200,1993-09-15,77,United States of America,PHI,2019.0,-0.2,307.0,236.0,12.7,0.362,0.534,1918.0,0.471,904.0,120.0,"$10,100,000",162.0,91.0,SG,663.0,70.0,0.789,148.0,214.0,45.0,34.0
290,embiijo01,Joel Embiid,250,1994-03-16,84,Cameroon,,2019.0,,,,,,,,,,,"$27,504,630",,,,,,,,,,
291,miltosh01,Shake Milton,207,1996-09-26,77,United States of America,PHI,2019.0,-1.2,52.0,16.0,13.4,0.413,0.5920000000000001,154.0,0.519,80.0,69.0,"$1,445,697",68.0,38.0,SG,303.0,48.0,0.765,71.0,106.0,19.0,6.0
292,oquinky01,Kyle O'Quinn,250,1990-03-26,81,United States of America,PHI,2019.0,0.9,469.0,64.0,17.9,0.225,0.5539999999999999,1948.0,0.537,1047.0,35.0,"$2,028,594",98.0,18.0,C,87.0,7.0,0.526,35.0,23.0,5.0,22.0
293,pelleno01,Norvel Pelle,216,1993-02-03,82,Antigua and Barbuda,PHI,2020.0,-4.1,20.0,0.0,11.2,,0.521,35.0,0.514,18.0,39.0,"$350,189",60.0,13.0,C,42.0,0.0,0.5,7.0,0.0,1.0,25.0
294,robingl02,Glenn Robinson III,222,1994-01-08,78,United States of America,TOT,2019.0,-1.5,279.0,103.0,11.6,0.3720000000000001,0.5489999999999999,927.0,0.503,466.0,97.0,"$1,882,867",260.0,53.0,SF,708.0,74.0,0.867,96.0,191.0,53.0,16.0
295,burksal01,Alec Burks,214,1991-07-20,78,United States of America,TOT,2019.0,-1.2,488.0,85.0,13.9,0.358,0.529,2961.0,0.442,1309.0,120.0,"$2,320,044",262.0,85.0,SG,891.0,100.0,0.8959999999999999,171.0,273.0,58.0,17.0
296,smithzh01,Zhaire Smith,199,1999-06-04,75,United States of America,PHI,2019.0,-6.1,13.0,2.0,7.6,0.316,0.477,26.0,0.423,11.0,4.0,"$3,058,800",2.0,2.0,SG,8.0,0.0,0.5,2.0,3.0,3.0,0.0
297,shayoma01,Marial Shayok,196,1995-07-26,77,Canada,PHI,2020.0,-11.3,2.0,0.0,-2.0,0.333,0.3,2.0,0.0,0.0,0.0,,3.0,1.0,SG,3.0,1.0,,1.0,3.0,0.0,0.0
298,holidju01,Justin Holiday,181,1989-04-05,78,United States of America,IND,2019.0,-1.1,422.0,164.0,11.1,0.362,0.528,1335.0,0.443,591.0,119.0,"$4,767,000",206.0,40.0,SG,548.0,122.0,0.78,87.0,288.0,75.0,42.0
299,mccontj01,T.J. McConnell,190,1992-03-25,73,United States of America,IND,2019.0,-0.6,377.0,75.0,13.9,0.335,0.529,1915.0,0.513,983.0,69.0,"$3,500,000",163.0,86.0,PG,409.0,5.0,0.833,316.0,15.0,44.0,11.0
300,sabondo01,Domantas Sabonis,240,1996-05-03,83,United States of America,IND,2019.0,0.5,291.0,152.0,17.2,0.321,0.574,2410.0,0.545,1313.0,195.0,"$3,529,555",771.0,170.0,C,1147.0,17.0,0.723,310.0,67.0,47.0,30.0
301,mcderdo01,Doug McDermott,225,1992-01-03,79,United States of America,IND,2019.0,-2.1,403.0,14.0,11.2,0.413,0.581,1474.0,0.507,747.0,106.0,"$7,333,334",156.0,40.0,PF,643.0,118.0,0.8270000000000001,70.0,265.0,9.0,4.0
302,warretj01,T.J. Warren,215,1993-09-05,80,United States of America,IND,2019.0,-0.4,322.0,226.0,16.4,0.35,0.561,3369.0,0.534,1798.0,170.0,"$10,810,000",242.0,77.0,SF,1140.0,69.0,0.812,87.0,184.0,70.0,27.0
303,holidaa01,Aaron Holiday,185,1996-09-30,72,United States of America,IND,2019.0,-1.6,108.0,26.0,11.8,0.373,0.517,428.0,0.43,184.0,102.0,"$2,239,200",132.0,75.0,PG,546.0,80.0,0.861,193.0,203.0,45.0,13.0
304,turnemy01,Myles Turner,250,1996-03-24,83,United States of America,IND,2019.0,0.6,335.0,302.0,16.9,0.354,0.565,2624.0,0.524,1375.0,138.0,"$18,000,000",360.0,68.0,C,651.0,77.0,0.75,61.0,229.0,42.0,120.0
305,bitadgo01,Goga Bitadze,245,1999-07-20,83,Georgia,IND,2020.0,-2.5,49.0,2.0,12.2,0.16699999999999998,0.53,93.0,0.591,55.0,57.0,"$2,816,760",96.0,25.0,C,152.0,6.0,0.727,21.0,36.0,6.0,32.0
306,brogdma01,Malcolm Brogdon,229,1992-12-11,77,United States of America,IND,2019.0,0.6,235.0,160.0,16.2,0.385,0.5720000000000001,1752.0,0.511,896.0,88.0,"$20,000,000",226.0,115.0,PG,784.0,61.0,0.895,343.0,195.0,33.0,8.0
307,lambje01,Jeremy Lamb,185,1992-05-30,77,United States of America,IND,2019.0,0.7,481.0,128.0,15.8,0.339,0.544,2761.0,0.5,1380.0,104.0,"$10,500,000",200.0,50.0,SG,577.0,53.0,0.836,96.0,158.0,55.0,22.0
308,sampsja02,JaKarr Sampson,215,1993-03-20,79,United States of America,IND,2019.0,-3.8,199.0,88.0,10.3,0.251,0.526,652.0,0.537,350.0,43.0,"$1,737,145",59.0,7.0,SF,109.0,2.0,0.55,9.0,13.0,9.0,9.0
309,sumneed01,Edmond Sumner,176,1995-12-31,76,United States of America,IND,2019.0,-3.9,49.0,4.0,9.2,0.262,0.471,111.0,0.477,53.0,35.0,"$2,000,000",37.0,19.0,PG,114.0,10.0,0.667,39.0,38.0,15.0,8.0
310,leaftj01,T.J. Leaf,225,1997-04-30,82,Israel,IND,2019.0,-1.6,136.0,2.0,14.0,0.35600000000000004,0.547,301.0,0.5379999999999999,162.0,18.0,"$2,813,280",64.0,7.0,PF,72.0,5.0,0.583,6.0,14.0,8.0,3.0
311,oladivi01,Victor Oladipo,210,1992-05-04,76,United States of America,IND,2019.0,1.1,415.0,355.0,16.6,0.35,0.537,4188.0,0.481,2015.0,21.0,"$21,000,000",41.0,28.0,SG,179.0,21.0,0.78,39.0,69.0,11.0,3.0
312,johnsal02,Alize Johnson,212,1996-04-22,79,United States of America,IND,2019.0,-6.4,27.0,0.0,8.4,0.5,0.417,29.0,0.345,10.0,6.0,"$1,416,852",18.0,3.0,SF,18.0,0.0,0.667,2.0,0.0,0.0,0.0
313,bowenbr02,Brian Bowen,190,1998-10-02,78,United States of America,IND,2020.0,-11.8,5.0,1.0,-2.0,0.0,0.222,7.0,0.28600000000000003,2.0,2.0,,7.0,1.0,SG,4.0,0.0,,0.0,2.0,0.0,1.0
314,mitrona01,Naz Mitrou-Long,218,1993-08-03,75,Canada,IND,2019.0,-3.6,18.0,0.0,5.9,0.217,0.436,14.0,0.5710000000000001,8.0,1.0,,6.0,2.0,SG,14.0,2.0,,7.0,11.0,1.0,1.0
315,inglejo01,Joe Ingles,226,1987-10-02,79,Australia,UTA,2019.0,1.0,470.0,260.0,12.5,0.407,0.589,1162.0,0.512,595.0,135.0,"$11,954,546",256.0,124.0,SF,624.0,123.0,0.774,331.0,310.0,57.0,9.0
316,onealro01,Royce O'Neale,226,1993-06-05,76,United States of America,UTA,2019.0,0.1,215.0,75.0,9.6,0.38,0.5720000000000001,443.0,0.524,232.0,180.0,"$1,618,520",339.0,50.0,PF,400.0,82.0,0.735,163.0,211.0,47.0,28.0
317,mitchdo01,Donovan Mitchell,215,1996-09-07,73,United States of America,UTA,2019.0,1.4,219.0,211.0,17.5,0.355,0.545,2630.0,0.489,1285.0,154.0,"$3,635,760",276.0,167.0,SG,1525.0,156.0,0.8590000000000001,264.0,428.0,66.0,12.0
318,bogdabo02,Bojan Bogdanović,216,1989-04-18,80,Bosnia and Herzegovina,UTA,2019.0,-1.1,462.0,345.0,13.7,0.394,0.59,2793.0,0.513,1433.0,110.0,"$17,000,000",259.0,159.0,SF,1275.0,189.0,0.903,131.0,457.0,34.0,7.0
319,goberru01,Rudy Gobert,245,1992-06-26,85,France,UTA,2019.0,3.8,468.0,376.0,21.5,0.0,0.6579999999999999,3139.0,0.64,2010.0,196.0,"$25,008,427",850.0,120.0,C,934.0,0.0,0.621,93.0,0.0,47.0,124.0
320,niangge01,Georges Niang,230,1993-06-17,79,United States of America,UTA,2019.0,-0.6,149.0,0.0,11.7,0.395,0.583,187.0,0.524,98.0,63.0,"$1,678,854",109.0,26.0,PF,336.0,77.0,0.8640000000000001,35.0,185.0,13.0,5.0
321,bradlto01,Tony Bradley,248,1998-01-08,82,United States of America,UTA,2019.0,0.4,62.0,2.0,21.0,0.5,0.6409999999999999,180.0,0.628,113.0,98.0,"$1,962,360",216.0,23.0,C,233.0,1.0,0.65,17.0,1.0,12.0,25.0
322,mudiaem01,Emmanuel Mudiay,200,1996-03-05,75,Democratic Replubic of Congo,UTA,2019.0,-3.1,294.0,164.0,11.8,0.32299999999999995,0.486,2167.0,0.431,934.0,64.0,"$1,737,145",115.0,65.0,PG,351.0,27.0,0.754,107.0,76.0,19.0,10.0
323,conlemi01,Mike Conley,175,1987-10-11,73,United States of America,UTA,2019.0,2.3,829.0,793.0,17.5,0.375,0.547,6863.0,0.468,3213.0,92.0,"$32,511,623",133.0,76.0,PG,567.0,80.0,0.795,178.0,213.0,31.0,4.0
324,clarkjo01,Jordan Clarkson,194,1992-06-07,76,United States of America,TOT,2019.0,-0.7,445.0,138.0,15.6,0.341,0.537,3739.0,0.502,1876.0,92.0,"$13,437,500",167.0,82.0,SG,952.0,130.0,0.841,124.0,353.0,43.0,15.0
325,davised01,Ed Davis,225,1989-06-05,81,United States of America,UTA,2019.0,-0.1,665.0,95.0,16.5,0.0,0.5820000000000001,3052.0,0.568,1735.0,55.0,"$4,767,000",95.0,13.0,C,33.0,0.0,0.455,8.0,0.0,10.0,9.0
326,morgaju01,Juwan Morgan,232,1997-04-17,80,United States of America,UTA,2020.0,-3.3,16.0,0.0,8.8,0.2,0.5589999999999999,12.0,0.667,8.0,7.0,"$746,054",19.0,3.0,PF,19.0,1.0,,2.0,5.0,0.0,1.0
327,tuckera01,Rayjon Tucker,210,1997-09-24,77,United States of America,UTA,2020.0,-7.9,14.0,0.0,4.5,0.0,0.448,13.0,0.615,8.0,7.0,"$578,573",13.0,3.0,SG,19.0,0.0,0.6,2.0,6.0,1.0,0.0
328,willini01,Nigel Williams-Goss,190,1994-09-16,74,United States of America,UTA,2020.0,-3.9,9.0,0.0,5.7,0.0,0.254,5.0,0.2,1.0,2.0,"$1,500,000",5.0,2.0,PG,4.0,0.0,1.0,5.0,2.0,1.0,1.0
329,onimi01,Miye Oni,206,1997-08-04,77,United States of America,UTA,2020.0,-17.3,5.0,0.0,-9.9,0.0,0.0,1.0,0.0,0.0,0.0,"$898,310",2.0,1.0,SG,0.0,0.0,,0.0,1.0,0.0,0.0
330,brantja01,Jarrell Brantley,250,1996-06-07,77,United States of America,UTA,2020.0,-2.7,5.0,0.0,2.7,,,0.0,,0.0,2.0,,5.0,2.0,PF,0.0,0.0,,1.0,0.0,0.0,2.0
331,wrighju02,Justin Wright-Foreman,190,1997-10-27,72,United States of America,UTA,2020.0,-7.0,1.0,0.0,0.0,,,0.0,,0.0,0.0,,0.0,0.0,PG,0.0,0.0,,0.0,0.0,0.0,0.0
332,gilgesh01,Shai Gilgeous-Alexander,181,1998-07-12,77,Canada,OKC,2019.0,0.6,145.0,136.0,15.7,0.35700000000000004,0.561,1290.0,0.507,654.0,108.0,"$3,952,920",384.0,117.0,SG,1216.0,78.0,0.8009999999999999,208.0,222.0,70.0,45.0
333,schrode01,Dennis Schröder,172,1993-09-15,73,Germany,OKC,2019.0,-1.1,494.0,176.0,15.1,0.336,0.524,4374.0,0.473,2071.0,138.0,"$15,500,000",233.0,159.0,PG,1199.0,122.0,0.8390000000000001,256.0,320.0,43.0,14.0
334,paulch01,Chris Paul,175,1985-05-06,73,United States of America,OKC,2019.0,7.6,1013.0,1013.0,25.1,0.37,0.5820000000000001,10232.0,0.507,5187.0,139.0,"$38,506,482",310.0,137.0,PG,1114.0,101.0,0.9,426.0,279.0,98.0,9.0
335,adamsst01,Steven Adams,265,1993-07-20,83,New Zealand,OKC,2019.0,0.4,525.0,461.0,17.2,0.1,0.596,3619.0,0.59,2135.0,111.0,"$25,842,697",543.0,86.0,C,633.0,1.0,0.59,141.0,3.0,50.0,65.0
336,gallida01,Danilo Gallinari,233,1988-08-08,82,Italy,,2019.0,,,,,,,,,,1098.0,"$22,615,559",2971.0,798.0,,9777.0,1198.0,0.872,1231.0,3148.0,476.0,239.0
337,noelne01,Nerlens Noel,220,1994-04-10,82,United States of America,,2019.0,,,,,,,,,,894.0,"$2,028,594",2211.0,483.0,,2869.0,2.0,0.648,418.0,7.0,469.0,492.0
338,bazleda01,Darius Bazley,208,2000-06-12,80,United States of America,OKC,2020.0,-2.5,53.0,8.0,8.1,0.3,0.475,130.0,0.446,58.0,45.0,"$2,284,800",196.0,40.0,PF,238.0,30.0,0.6809999999999999,29.0,100.0,20.0,35.0
339,fergute01,Terrance Ferguson,190,1998-05-17,78,United States of America,OKC,2019.0,-3.8,185.0,123.0,5.9,0.34,0.546,234.0,0.585,137.0,144.0,"$2,475,840",73.0,30.0,SF,209.0,46.0,0.789,45.0,155.0,26.0,16.0
340,naderab01,Abdel Nader,225,1993-09-25,77,Egypt,OKC,2019.0,-2.9,157.0,7.0,8.7,0.348,0.523,314.0,0.468,147.0,65.0,"$1,618,520",90.0,36.0,SF,287.0,39.0,0.774,35.0,105.0,20.0,20.0
341,muscami01,Mike Muscala,240,1991-07-01,82,United States of America,OKC,2019.0,-0.3,348.0,28.0,13.4,0.364,0.579,828.0,0.545,451.0,51.0,"$2,028,594",94.0,14.0,C,189.0,43.0,0.818,34.0,120.0,8.0,11.0
342,diallha01,Hamidou Diallo,202,1998-07-31,77,United States of America,OKC,2019.0,-4.6,89.0,6.0,9.2,0.18600000000000005,0.4920000000000001,325.0,0.502,163.0,82.0,"$1,416,852",122.0,37.0,SF,233.0,7.0,0.622,22.0,35.0,28.0,8.0
343,burtode02,Deonte Burton,240,1994-01-31,76,United States of America,OKC,2019.0,-5.1,66.0,0.0,6.4,0.247,0.445,114.0,0.474,54.0,28.0,"$1,416,852",48.0,14.0,SG,94.0,10.0,0.5,11.0,46.0,5.0,10.0
344,dortlu01,Luguentz Dort,215,1999-04-19,75,Canada,OKC,2020.0,-3.9,29.0,21.0,7.3,0.301,0.521,84.0,0.512,43.0,78.0,,54.0,15.0,SG,180.0,22.0,0.778,21.0,73.0,23.0,2.0
345,herveke01,Kevin Hervey,230,1996-07-09,81,United States of America,OKC,2020.0,-19.9,7.0,0.0,-14.9,0.0,0.091,3.0,0.333,1.0,1.0,,2.0,0.0,PF,2.0,0.0,,1.0,8.0,0.0,0.0
346,robyis01,Isaiah Roby,230,1998-02-03,80,United States of America,OKC,2020.0,-15.5,3.0,0.0,-7.7,,0.0,1.0,0.0,0.0,1.0,"$1,500,000",2.0,1.0,SF,0.0,0.0,,0.0,0.0,0.0,0.0
347,roberan03,Andre Roberson,210,1991-12-04,79,United States of America,,2019.0,,,,,,,,,,641.0,"$10,740,741",1188.0,181.0,,1356.0,108.0,0.467,257.0,421.0,264.0,195.0
348,dinwisp01,Spencer Dinwiddie,215,1993-04-06,77,United States of America,BRK,2019.0,0.3,317.0,130.0,15.5,0.318,0.542,1833.0,0.48,879.0,180.0,"$10,600,000",221.0,174.0,SG,1318.0,123.0,0.778,432.0,400.0,40.0,21.0
349,princta02,Taurean Prince,218,1994-03-22,79,United States of America,BRK,2019.0,-1.9,260.0,200.0,11.2,0.366,0.536,1288.0,0.459,591.0,159.0,"$3,481,986",381.0,127.0,SF,773.0,146.0,0.7979999999999999,116.0,431.0,57.0,25.0
350,allenja01,Jarrett Allen,237,1998-04-21,83,United States of America,BRK,2019.0,1.1,216.0,169.0,18.8,0.16899999999999998,0.6409999999999999,1313.0,0.628,825.0,144.0,"$2,376,840",605.0,72.0,C,681.0,0.0,0.62,85.0,5.0,37.0,85.0
351,harrijo01,Joe Harris,220,1991-09-06,78,United States of America,BRK,2019.0,-0.8,325.0,165.0,12.1,0.423,0.61,1138.0,0.5379999999999999,612.0,138.0,"$7,670,000",272.0,93.0,SF,878.0,152.0,0.747,130.0,369.0,38.0,16.0
352,jordade01,DeAndre Jordan,265,1988-07-21,83,United States of America,BRK,2019.0,1.4,875.0,713.0,18.6,0.091,0.639,4974.0,0.6709999999999999,3336.0,114.0,"$9,881,598",561.0,74.0,C,465.0,0.0,0.68,105.0,0.0,18.0,52.0
353,templga01,Garrett Temple,195,1986-05-08,77,United States of America,BRK,2019.0,-2.0,569.0,243.0,9.6,0.34700000000000003,0.518,1582.0,0.46,727.0,95.0,"$4,767,000",190.0,57.0,SG,564.0,112.0,0.767,141.0,346.0,44.0,26.0
354,leverca01,Caris LeVert,205,1994-08-25,78,United States of America,BRK,2019.0,-0.6,207.0,86.0,14.1,0.342,0.522,1435.0,0.478,686.0,72.0,"$2,625,718",159.0,98.0,SG,692.0,72.0,0.72,159.0,189.0,44.0,7.0
355,luwawti01,Timothé Luwawu-Cabarrot,210,1995-05-09,79,France,BRK,2019.0,-4.3,210.0,33.0,8.1,0.327,0.525,494.0,0.46,227.0,81.0,"$654,468",91.0,32.0,SG,247.0,39.0,0.8390000000000001,25.0,109.0,15.0,6.0
356,kurucro01,Rodions Kurucs,228,1998-02-05,81,Latvia,BRK,2019.0,-2.7,102.0,50.0,10.2,0.333,0.547,334.0,0.536,179.0,66.0,"$1,699,236",97.0,35.0,PF,162.0,25.0,0.607,33.0,65.0,17.0,3.0
357,chandwi01,Wilson Chandler,235,1987-05-10,80,United States of America,,2019.0,,,,,,,,,,1807.0,"$2,564,753",3574.0,931.0,,8463.0,874.0,0.77,1205.0,2560.0,470.0,414.0
358,musadz01,Džanan Musa,217,1999-05-08,81,Bosnia and Herzegovina,BRK,2019.0,-5.0,44.0,0.0,8.1,0.213,0.461,86.0,0.5,43.0,25.0,"$1,911,600",71.0,29.0,SF,148.0,15.0,0.75,31.0,65.0,13.0,1.0
359,pinsoth01,Theo Pinson,212,1995-11-05,77,United States of America,BRK,2019.0,-5.6,51.0,0.0,6.3,0.214,0.411,102.0,0.422,43.0,35.0,"$1,445,697",54.0,33.0,SG,120.0,15.0,0.938,56.0,80.0,17.0,4.0
360,irvinky01,Kyrie Irving,195,1992-03-23,74,Australia,BRK,2019.0,4.5,528.0,528.0,22.2,0.39,0.5720000000000001,6462.0,0.499,3227.0,53.0,"$31,742,000",103.0,52.0,PG,548.0,56.0,0.922,128.0,142.0,27.0,10.0
361,claxtni01,Nicolas Claxton,215,1999-04-17,83,United States of America,BRK,2020.0,-0.7,15.0,0.0,14.9,0.14300000000000002,0.5770000000000001,41.0,0.634,26.0,14.0,"$898,310",44.0,9.0,PF,66.0,1.0,0.524,16.0,7.0,1.0,8.0
362,chiozch01,Chris Chiozza,175,1995-11-21,71,United States of America,TOT,2019.0,0.5,28.0,0.0,12.2,0.435,0.512,41.0,0.341,14.0,23.0,,35.0,17.0,PG,84.0,18.0,1.0,48.0,41.0,15.0,2.0
363,martije02,Jeremiah Martin,184,1996-06-19,75,United States of America,BRK,2020.0,-3.0,3.0,0.0,5.9,0.0,0.2,4.0,0.25,1.0,0.0,,2.0,0.0,PG,2.0,0.0,,2.0,1.0,1.0,1.0
364,duranke01,Kevin Durant,240,1988-09-29,82,United States of America,GSW,2019.0,6.7,849.0,849.0,25.2,0.381,0.613,11737.0,0.532,6244.0,155.0,"$37,199,000",497.0,225.0,SF,2027.0,137.0,0.885,457.0,388.0,58.0,84.0
365,gallola01,Langston Galloway,200,1991-12-09,73,United States of America,DET,2019.0,-1.4,405.0,62.0,11.5,0.3670000000000001,0.519,1476.0,0.428,631.0,96.0,"$7,333,333",149.0,40.0,SG,677.0,132.0,0.8590000000000001,101.0,331.0,48.0,11.0
366,woodch01,Christian Wood,214,1995-09-27,82,United States of America,DET,2019.0,2.2,113.0,14.0,22.0,0.368,0.636,519.0,0.609,316.0,98.0,"$1,645,357",390.0,84.0,PF,810.0,54.0,0.7440000000000001,60.0,140.0,34.0,54.0
367,makerth01,Thon Maker,221,1997-02-25,84,South Sudan,DET,2019.0,-2.2,255.0,65.0,11.9,0.329,0.536,563.0,0.506,285.0,102.0,"$3,569,643",167.0,45.0,C,281.0,22.0,0.664,43.0,64.0,25.0,39.0
368,snellto01,Tony Snell,213,1991-11-10,78,United States of America,DET,2019.0,-2.0,501.0,275.0,9.1,0.385,0.56,1144.0,0.487,557.0,101.0,"$11,392,857",111.0,31.0,SF,474.0,102.0,1.0,127.0,254.0,32.0,15.0
369,brownbr01,Bruce Brown,202,1996-08-15,76,United States of America,DET,2019.0,-2.2,132.0,99.0,9.6,0.302,0.498,572.0,0.465,266.0,162.0,"$1,416,852",274.0,100.0,SG,517.0,33.0,0.7390000000000001,230.0,96.0,63.0,29.0
370,mykhasv01,Sviatoslav Mykhailiuk,205,1997-06-10,79,Ukraine,DET,2019.0,-2.7,98.0,27.0,9.9,0.385,0.545,171.0,0.398,68.0,87.0,"$1,416,852",104.0,61.0,SF,504.0,115.0,0.8140000000000001,106.0,285.0,41.0,4.0
371,rosede01,Derrick Rose,200,1988-10-04,74,United States of America,,2019.0,,,,,,,,,,777.0,"$7,317,073",2031.0,1576.0,,11185.0,469.0,0.8270000000000001,3334.0,1541.0,450.0,204.0
372,doumbse01,Sekou Doumbouya,209,2000-12-23,80,Guinea,DET,2020.0,-6.7,38.0,19.0,6.2,0.28600000000000003,0.474,138.0,0.464,64.0,80.0,"$3,285,120",118.0,35.0,SF,243.0,28.0,0.674,19.0,98.0,20.0,8.0
373,kennalu01,Luke Kennard,206,1996-06-24,77,United States of America,DET,2019.0,-0.8,164.0,44.0,12.6,0.402,0.568,680.0,0.478,325.0,65.0,"$3,827,160",98.0,43.0,SG,442.0,73.0,0.893,115.0,183.0,12.0,6.0
374,griffbl01,Blake Griffin,250,1989-03-16,81,United States of America,,2019.0,,,,,,,,,,1777.0,"$34,234,964",5501.0,1617.0,,13479.0,407.0,0.6940000000000001,2749.0,1223.0,554.0,321.0
375,hensojo01,John Henson,219,1990-12-28,81,United States of America,TOT,2019.0,-0.4,445.0,160.0,17.1,0.25,0.557,2581.0,0.5489999999999999,1418.0,78.0,"$9,732,396",162.0,36.0,PF,221.0,8.0,0.5,54.0,36.0,24.0,42.0
376,kinglo02,Louis King,195,1999-04-06,79,United States of America,DET,2020.0,-6.2,10.0,0.0,6.3,0.364,0.448,10.0,0.4,4.0,10.0,,10.0,2.0,SF,20.0,4.0,0.0,5.0,11.0,2.0,0.0
377,bonejo01,Jordan Bone,179,1997-11-05,75,United States of America,DET,2020.0,-11.9,10.0,0.0,0.8,0.2,0.3,10.0,0.3,3.0,6.0,,4.0,2.0,PG,12.0,2.0,,8.0,10.0,1.0,0.0
378,knighbr03,Brandon Knight,195,1991-12-02,74,United States of America,,2019.0,,,,,,,,,,884.0,"$15,643,750",1377.0,1086.0,,6269.0,711.0,0.8059999999999999,1769.0,2012.0,385.0,75.0
379,thomakh01,Khyri Thomas,210,1996-05-08,75,United States of America,DET,2019.0,-5.7,34.0,0.0,5.4,0.306,0.421,37.0,0.324,12.0,9.0,"$838,464",1.0,3.0,SG,17.0,5.0,0.5,3.0,14.0,3.0,0.0
380,mcraejo01,Jordan McRae,179,1991-03-28,77,United States of America,TOT,2019.0,-2.1,123.0,9.0,13.2,0.355,0.519,490.0,0.447,219.0,73.0,"$1,645,357",124.0,43.0,SG,426.0,45.0,0.7609999999999999,93.0,126.0,21.0,16.0
381,portibo01,Bobby Portis,246,1995-02-10,82,United States of America,NYK,2019.0,-1.3,315.0,54.0,16.1,0.36,0.528,2090.0,0.49,1025.0,110.0,"$15,000,000",338.0,73.0,C,668.0,67.0,0.763,98.0,187.0,32.0,18.0
382,knoxke01,Kevin Knox,215,1999-08-11,79,United States of America,NYK,2019.0,-5.2,140.0,61.0,8.6,0.337,0.474,752.0,0.388,292.0,106.0,"$4,380,120",184.0,45.0,SF,419.0,65.0,0.653,61.0,199.0,23.0,28.0
383,randlju01,Julius Randle,250,1994-11-29,80,United States of America,NYK,2019.0,-0.5,375.0,295.0,17.7,0.295,0.557,4040.0,0.521,2106.0,178.0,"$18,000,000",622.0,193.0,PF,1248.0,64.0,0.733,198.0,231.0,51.0,22.0
384,gibsota01,Taj Gibson,225,1985-06-24,81,United States of America,NYK,2019.0,-0.8,799.0,440.0,15.5,0.22,0.55,6029.0,0.521,3140.0,122.0,"$9,800,000",267.0,47.0,C,379.0,4.0,0.732,52.0,14.0,27.0,30.0
385,robinmi01,Mitchell Robinson,223,1998-04-01,84,United States of America,NYK,2019.0,2.7,127.0,26.0,22.7,,0.71,632.0,0.72,455.0,194.0,"$1,559,712",428.0,37.0,C,590.0,0.0,0.568,36.0,0.0,52.0,119.0
386,ntilila01,Frank Ntilikina,190,1998-07-28,76,Belgium,NYK,2019.0,-4.7,178.0,51.0,7.7,0.311,0.45,706.0,0.398,281.0,142.0,"$4,855,800",121.0,71.0,PG,357.0,44.0,0.8640000000000001,172.0,137.0,54.0,16.0
387,barrerj01,RJ Barrett,202,2000-06-14,78,Canada,NYK,2020.0,-4.3,56.0,55.0,10.7,0.32,0.479,530.0,0.4320000000000001,229.0,122.0,"$7,839,960",279.0,124.0,SG,803.0,63.0,0.614,143.0,197.0,55.0,17.0
388,dotsoda01,Damyean Dotson,202,1994-05-06,77,United States of America,NYK,2019.0,-2.2,165.0,42.0,10.9,0.361,0.527,576.0,0.477,275.0,44.0,"$1,618,520",91.0,21.0,SG,321.0,59.0,0.667,57.0,163.0,23.0,4.0
389,paytoel01,Elfrid Payton,185,1994-02-22,75,United States of America,NYK,2019.0,-0.5,387.0,331.0,15.3,0.289,0.496,3323.0,0.479,1592.0,89.0,"$8,000,000",212.0,96.0,PG,449.0,14.0,0.57,323.0,69.0,70.0,17.0
390,ellinwa01,Wayne Ellington,200,1987-11-29,76,United States of America,NYK,2019.0,-1.6,681.0,166.0,11.1,0.378,0.534,2177.0,0.446,970.0,41.0,"$7,804,878",65.0,18.0,SG,183.0,50.0,0.846,44.0,143.0,13.0,4.0
391,smithde03,Dennis Smith Jr.,195,1997-11-25,74,United States of America,NYK,2019.0,-2.7,156.0,122.0,11.9,0.314,0.475,1284.0,0.44,565.0,65.0,"$4,463,640",78.0,58.0,PG,187.0,16.0,0.509,98.0,54.0,28.0,8.0
392,bullore01,Reggie Bullock,200,1991-03-16,78,United States of America,NYK,2019.0,-0.8,301.0,138.0,11.0,0.385,0.56,751.0,0.491,369.0,56.0,"$4,000,000",68.0,19.0,SG,234.0,37.0,0.81,42.0,111.0,25.0,3.0
393,trieral01,Allonzo Trier,200,1996-01-17,76,United States of America,NYK,2019.0,-2.7,88.0,4.0,12.5,0.384,0.574,439.0,0.483,212.0,29.0,"$3,551,100",29.0,22.0,PG,155.0,19.0,0.7909999999999999,28.0,53.0,3.0,4.0
394,harklma01,Maurice Harkless,220,1993-05-11,79,United States of America,TOT,2019.0,-0.5,537.0,324.0,12.2,0.325,0.544,2211.0,0.547,1210.0,148.0,"$11,511,234",240.0,53.0,SF,357.0,34.0,0.591,68.0,98.0,58.0,33.0
395,allenka01,Kadeem Allen,200,1993-01-15,73,United States of America,NYK,2019.0,-1.0,47.0,2.0,13.5,0.349,0.5379999999999999,144.0,0.472,68.0,7.0,,9.0,8.0,SG,50.0,5.0,0.636,21.0,16.0,5.0,2.0
396,brazdig01,Ignas Brazdeikis,216,1999-01-08,78,Lithuania,NYK,2020.0,-8.9,9.0,0.0,3.3,0.111,0.35100000000000003,13.0,0.385,5.0,3.0,"$898,310",5.0,2.0,SF,17.0,1.0,0.8,4.0,9.0,0.0,1.0
397,wooteke01,Kenny Wooten,220,1998-04-17,81,United States of America,,2019.0,,,,,,,,,,,,,,,,,,,,,
398,hieldbu01,Buddy Hield,220,1992-12-17,76,Bahamas,SAC,2019.0,0.8,308.0,193.0,15.6,0.411,0.5660000000000001,2066.0,0.472,976.0,150.0,"$4,861,208",306.0,150.0,SG,1268.0,244.0,0.855,197.0,618.0,60.0,17.0
399,barneha02,Harrison Barnes,225,1992-05-30,80,United States of America,SAC,2019.0,-1.0,604.0,543.0,13.3,0.375,0.544,4819.0,0.477,2300.0,82.0,"$24,147,727",306.0,80.0,PF,941.0,93.0,0.8029999999999999,152.0,243.0,38.0,10.0
400,bjeline01,Nemanja Bjelica,235,1988-05-09,82,Serbia,SAC,2019.0,0.3,333.0,153.0,13.6,0.393,0.579,1122.0,0.53,595.0,193.0,"$6,825,000",412.0,92.0,PF,759.0,125.0,0.8220000000000001,179.0,295.0,54.0,33.0
401,josepco01,Cory Joseph,200,1991-08-20,75,Canada,SAC,2019.0,-0.8,592.0,117.0,12.2,0.331,0.514,2765.0,0.476,1315.0,121.0,"$12,000,000",163.0,64.0,PG,405.0,47.0,0.828,218.0,134.0,46.0,21.0
402,bogdabo01,Bogdan Bogdanović,220,1992-08-18,78,Serbia,SAC,2019.0,-0.7,201.0,90.0,13.9,0.37,0.547,1193.0,0.488,582.0,115.0,"$8,529,386",171.0,89.0,SG,767.0,137.0,0.7240000000000001,169.0,380.0,54.0,14.0
403,foxde01,De'Aaron Fox,185,1997-12-20,75,United States of America,SAC,2019.0,-0.3,199.0,184.0,16.3,0.335,0.528,2053.0,0.478,982.0,129.0,"$6,392,760",181.0,141.0,PG,920.0,47.0,0.703,304.0,153.0,64.0,23.0
404,ferreyo01,Yogi Ferrell,180,1993-05-09,72,United States of America,SAC,2019.0,-1.4,243.0,53.0,12.0,0.365,0.537,892.0,0.466,416.0,31.0,"$3,150,000",48.0,25.0,PG,185.0,19.0,0.865,59.0,69.0,14.0,4.0
405,holmeri01,Richaun Holmes,240,1993-10-15,82,United States of America,SAC,2019.0,0.7,265.0,57.0,19.0,0.257,0.625,1409.0,0.619,872.0,152.0,"$4,767,000",325.0,49.0,C,500.0,0.0,0.8,39.0,0.0,39.0,55.0
406,gilesha01,Harry Giles,240,1998-04-22,83,United States of America,,2019.0,,,,,,,,,,250.0,"$2,578,800",381.0,108.0,,673.0,0.0,0.679,134.0,6.0,52.0,36.0
407,jamesju01,Justin James,190,1997-01-24,79,United States of America,SAC,2020.0,-0.7,34.0,0.0,11.5,0.34600000000000003,0.487,52.0,0.462,24.0,16.0,"$898,310",30.0,8.0,SG,85.0,9.0,0.47600000000000003,16.0,26.0,6.0,9.0
408,bazemke01,Kent Bazemore,195,1989-07-01,76,United States of America,TOT,2019.0,-1.3,547.0,278.0,11.8,0.35,0.52,2431.0,0.456,1109.0,182.0,"$19,269,662",277.0,85.0,SF-SG,557.0,78.0,0.768,85.0,228.0,70.0,39.0
409,baglema01,Marvin Bagley III,240,1999-03-14,83,United States of America,SAC,2019.0,-1.4,75.0,10.0,18.3,0.28800000000000003,0.5529999999999999,755.0,0.53,400.0,43.0,"$8,556,120",97.0,18.0,PF,185.0,4.0,0.8059999999999999,10.0,22.0,6.0,12.0
410,lenal01,Alex Len,250,1993-06-16,84,Ukraine,TOT,2019.0,-2.0,461.0,180.0,15.3,0.33,0.552,2561.0,0.513,1314.0,114.0,"$4,160,000",294.0,50.0,C,408.0,14.0,0.637,47.0,56.0,22.0,46.0
411,jeffrda01,DaQuan Jeffries,216,1997-08-30,77,United States of America,SAC,2020.0,-2.6,6.0,0.0,10.7,0.25,0.5,3.0,0.667,2.0,3.0,,1.0,0.0,SG,7.0,1.0,,1.0,4.0,1.0,0.0
412,guyky01,Kyle Guy,170,1997-08-11,73,United States of America,SAC,2020.0,-4.1,2.0,0.0,9.8,0.0,0.5,1.0,1.0,1.0,0.0,,0.0,0.0,SG,2.0,0.0,,0.0,1.0,0.0,0.0
413,parkeja01,Jabari Parker,245,1995-03-15,80,United States of America,TOT,2019.0,-0.9,280.0,190.0,16.3,0.324,0.551,2835.0,0.528,1498.0,94.0,"$6,500,000",195.0,60.0,PF,484.0,31.0,0.743,60.0,116.0,42.0,15.0
414,sextoco01,Collin Sexton,190,1999-01-04,73,United States of America,CLE,2019.0,-3.4,147.0,137.0,14.0,0.392,0.539,1741.0,0.469,816.0,142.0,"$4,764,960",204.0,158.0,SG,1349.0,97.0,0.846,192.0,255.0,65.0,7.0
415,osmande01,Cedi Osman,215,1995-04-08,79,Republic of Macedonia,CLE,2019.0,-2.9,202.0,152.0,11.1,0.364,0.547,857.0,0.503,431.0,160.0,"$2,907,143",231.0,91.0,SF,718.0,123.0,0.67,154.0,321.0,54.0,16.0
416,garlada01,Darius Garland,175,2000-01-26,73,United States of America,CLE,2020.0,-5.6,59.0,59.0,8.5,0.355,0.498,403.0,0.434,175.0,92.0,"$6,400,920",111.0,151.0,PG,728.0,105.0,0.875,229.0,296.0,42.0,4.0
417,thomptr01,Tristan Thompson,238,1991-03-13,81,Canada,CLE,2019.0,-1.6,619.0,429.0,15.6,0.281,0.546,4492.0,0.52,2335.0,124.0,"$18,539,130",577.0,103.0,C,684.0,9.0,0.615,120.0,23.0,33.0,50.0
418,dellama01,Matthew Dellavedova,200,1990-09-08,75,Australia,CLE,2019.0,-3.1,434.0,92.0,9.8,0.368,0.51,1142.0,0.409,467.0,78.0,"$9,607,500",75.0,59.0,PG,177.0,21.0,0.865,180.0,91.0,20.0,2.0
419,loveke01,Kevin Love,215,1988-09-07,80,United States of America,CLE,2019.0,3.4,713.0,630.0,21.6,0.37,0.5710000000000001,6371.0,0.48,3057.0,90.0,"$28,900,000",547.0,140.0,PF,987.0,146.0,0.8540000000000001,178.0,390.0,33.0,19.0
420,nancela02,Larry Nance Jr.,230,1993-01-01,79,United States of America,CLE,2019.0,1.3,315.0,96.0,17.2,0.324,0.584,1669.0,0.578,964.0,91.0,"$12,727,273",409.0,60.0,C,564.0,56.0,0.6759999999999999,123.0,159.0,56.0,22.0
421,porteke02,Kevin Porter Jr.,216,2000-05-04,76,United States of America,CLE,2020.0,-3.7,50.0,3.0,10.8,0.335,0.535,263.0,0.506,133.0,135.0,"$1,290,960",162.0,93.0,SF,498.0,53.0,0.723,109.0,158.0,46.0,14.0
422,mckinal01,Alfonzo McKinnie,215,1992-09-17,79,United States of America,CLE,2019.0,-4.1,126.0,6.0,10.2,0.307,0.5429999999999999,269.0,0.58,156.0,72.0,"$1,361,046",113.0,26.0,SF,182.0,14.0,0.71,14.0,65.0,23.0,8.0
423,exumda01,Dante Exum,190,1995-07-13,77,Australia,,2019.0,,,,,,,,,,420.0,"$9,600,000",424.0,301.0,,1366.0,165.0,0.7659999999999999,502.0,536.0,97.0,42.0
424,zizican01,Ante Žižić,254,1997-01-04,82,Croatia,CLE,2019.0,-2.6,113.0,27.0,17.4,,0.614,470.0,0.581,273.0,27.0,"$2,281,800",66.0,10.0,C,96.0,0.0,0.737,6.0,0.0,7.0,5.0
425,wadede01,Dean Wade,228,1996-11-20,81,United States of America,CLE,2020.0,-1.2,12.0,0.0,13.9,0.5,0.7440000000000001,9.0,0.778,7.0,8.0,,19.0,3.0,PF,20.0,2.0,0.0,2.0,4.0,2.0,4.0
426,drumman01,Andre Drummond,279,1993-08-10,82,United States of America,TOT,2019.0,1.5,599.0,548.0,22.1,0.146,0.54,6657.0,0.5479999999999999,3646.0,201.0,"$27,093,019",864.0,203.0,C,1010.0,5.0,0.575,152.0,35.0,109.0,93.0
427,moonema01,Matt Mooney,200,1997-02-07,75,United States of America,CLE,2020.0,-0.3,4.0,0.0,8.1,0.0,0.25,2.0,0.5,1.0,1.0,,3.0,0.0,SG,2.0,0.0,,1.0,2.0,2.0,1.0
428,pointsi01,Sir'Dominic Pointer,192,1992-05-06,78,United States of America,,2019.0,,,,,,,,,,,"$50,752",,,,,,,,,,
429,mcclesh01,Sheldon Mac,200,1992-12-21,77,United States of America,,2018.0,,,,,,,,,,17.0,"$81,678",34.0,5.0,,90.0,7.0,0.852,15.0,30.0,8.0,2.0
430,windldy01,Dylan Windler,196,1996-09-22,78,United States of America,,2019.0,,,,,,,,,,,"$2,035,800",,,,,,,,,,
431,whiteco01,Coby White,185,2000-02-16,76,United States of America,CHI,2020.0,-2.8,65.0,1.0,11.9,0.354,0.506,416.0,0.43,179.0,117.0,"$5,307,120",230.0,109.0,SG,859.0,133.0,0.7909999999999999,175.0,376.0,49.0,6.0
432,satorto01,Tomáš Satoranský,198,1991-10-30,79,Czech Republic,CHI,2019.0,-0.6,275.0,151.0,13.6,0.369,0.5670000000000001,1113.0,0.514,572.0,135.0,"$10,000,000",254.0,130.0,PG,644.0,64.0,0.8759999999999999,354.0,199.0,80.0,7.0
433,youngth01,Thaddeus Young,220,1988-06-21,80,United States of America,CHI,2019.0,0.3,965.0,687.0,16.2,0.333,0.5379999999999999,9503.0,0.523,4973.0,134.0,"$12,900,000",315.0,102.0,PF,659.0,79.0,0.583,117.0,222.0,92.0,23.0
434,lavinza01,Zach LaVine,181,1995-03-10,78,United States of America,CHI,2019.0,-0.6,353.0,266.0,15.7,0.375,0.555,3314.0,0.484,1604.0,131.0,"$19,500,000",289.0,206.0,SG,1530.0,184.0,0.802,254.0,484.0,88.0,28.0
435,arcidry01,Ryan Arcidiacono,195,1994-03-26,75,United States of America,,2019.0,,,,,,,,,,285.0,"$3,000,000",354.0,113.0,,853.0,144.0,0.8290000000000001,400.0,386.0,105.0,7.0
436,dunnkr01,Kris Dunn,205,1994-03-18,75,United States of America,CHI,2019.0,-1.8,227.0,126.0,11.9,0.306,0.481,1412.0,0.456,644.0,158.0,"$5,348,007",186.0,68.0,PG,373.0,29.0,0.741,173.0,112.0,101.0,17.0
437,markkla01,Lauri Markkanen,240,1997-05-22,84,Finland,CHI,2019.0,-0.3,170.0,169.0,15.7,0.35600000000000004,0.555,1198.0,0.495,593.0,96.0,"$5,300,400",313.0,81.0,PF,737.0,109.0,0.8240000000000001,74.0,317.0,42.0,23.0
438,cartewe01,Wendell Carter Jr.,259,1999-04-16,81,United States of America,CHI,2019.0,-2.0,87.0,87.0,15.4,0.197,0.5660000000000001,653.0,0.5379999999999999,351.0,162.0,"$5,201,400",405.0,72.0,C,484.0,6.0,0.737,51.0,29.0,33.0,36.0
439,gaffoda01,Daniel Gafford,234,1998-10-01,82,United States of America,CHI,2020.0,-1.3,43.0,7.0,16.2,,0.6859999999999999,134.0,0.701,94.0,98.0,"$898,310",106.0,29.0,C,220.0,0.0,0.5329999999999999,21.0,0.0,13.0,56.0
440,harrish01,Shaquille Harrison,190,1993-10-06,79,United States of America,CHI,2019.0,-0.3,139.0,23.0,14.0,0.293,0.517,558.0,0.491,274.0,55.0,"$898,310",86.0,19.0,SF,209.0,16.0,0.78,49.0,42.0,34.0,19.0
441,valende01,Denzel Valentine,210,1993-11-16,76,United States of America,,2019.0,,,,,,,,,,322.0,"$3,377,569",618.0,174.0,,1320.0,262.0,0.753,350.0,715.0,121.0,24.0
442,kornelu01,Luke Kornet,240,1995-07-15,86,United States of America,CHI,2019.0,0.6,102.0,33.0,13.8,0.339,0.531,215.0,0.507,109.0,54.0,"$2,195,122",84.0,14.0,C,215.0,31.0,0.7140000000000001,32.0,108.0,11.0,26.0
443,hutchch01,Chandler Hutchison,196,1996-04-26,79,United States of America,CHI,2019.0,-3.4,72.0,24.0,10.1,0.295,0.514,296.0,0.507,150.0,47.0,"$2,332,320",108.0,27.0,SF,218.0,12.0,0.59,26.0,38.0,27.0,7.0
444,feliccr01,Cristiano Felício,270,1992-07-07,82,Brazil,CHI,2019.0,-2.5,234.0,20.0,14.0,0.0,0.603,729.0,0.5820000000000001,424.0,34.0,"$8,156,500",102.0,18.0,PF,86.0,0.0,0.7829999999999999,16.0,2.0,10.0,2.0
445,porteot01,Otto Porter,198,1993-06-03,80,United States of America,CHI,2019.0,1.7,413.0,295.0,15.6,0.404,0.579,2306.0,0.528,1217.0,31.0,"$27,250,576",48.0,11.0,SF,167.0,24.0,0.7040000000000001,25.0,62.0,15.0,6.0
446,mokokad01,Adam Mokoka,190,1998-07-18,77,France,CHI,2020.0,-4.1,11.0,0.0,8.2,0.4,0.5379999999999999,13.0,0.462,6.0,17.0,,10.0,2.0,SG,32.0,6.0,0.5,4.0,15.0,4.0,0.0
447,strusma01,Max Strus,215,1996-03-28,78,United States of America,CHI,2020.0,4.4,2.0,0.0,30.7,0.0,0.727,2.0,1.0,2.0,1.0,"$415,414",1.0,0.0,SG,5.0,0.0,1.0,0.0,1.0,0.0,0.0
448,fultzma01,Markelle Fultz,200,1998-05-29,75,United States of America,ORL,2019.0,-2.0,97.0,74.0,13.5,0.256,0.499,809.0,0.489,396.0,126.0,"$9,745,200",213.0,131.0,PG,772.0,30.0,0.723,334.0,118.0,83.0,10.0
449,rosste01,Terrence Ross,206,1991-02-05,78,United States of America,ORL,2019.0,-0.5,555.0,176.0,12.8,0.371,0.542,2491.0,0.477,1188.0,95.0,"$12,500,000",203.0,62.0,SG,930.0,162.0,0.845,74.0,454.0,69.0,22.0
450,fournev01,Evan Fournier,205,1992-10-29,79,France,ORL,2019.0,-1.1,518.0,376.0,13.8,0.376,0.564,3413.0,0.502,1712.0,147.0,"$17,000,000",157.0,120.0,SG,1149.0,165.0,0.82,193.0,406.0,70.0,14.0
451,bambamo01,Mo Bamba,241,1998-05-12,84,United States of America,ORL,2019.0,-0.4,107.0,1.0,16.4,0.333,0.545,351.0,0.544,191.0,115.0,"$5,697,600",299.0,42.0,C,332.0,37.0,0.674,42.0,104.0,22.0,85.0
452,gordoaa01,Aaron Gordon,220,1995-09-16,80,United States of America,ORL,2019.0,-0.1,399.0,310.0,15.2,0.318,0.53,2917.0,0.508,1483.0,116.0,"$19,863,636",441.0,94.0,PF,833.0,68.0,0.675,215.0,226.0,50.0,36.0
453,vucevni01,Nikola Vučević,260,1990-10-24,83,Switzerland,ORL,2019.0,1.9,590.0,529.0,20.4,0.331,0.536,7478.0,0.516,3860.0,121.0,"$28,000,000",596.0,77.0,C,1052.0,82.0,0.7809999999999999,202.0,249.0,46.0,47.0
454,augusdj01,D.J. Augustin,183,1987-11-10,71,United States of America,ORL,2019.0,-0.5,856.0,313.0,14.2,0.379,0.556,3738.0,0.438,1636.0,53.0,"$7,250,000",109.0,69.0,PG,511.0,60.0,0.885,223.0,174.0,30.0,1.0
455,iwundwe01,Wesley Iwundu,195,1994-12-20,78,United States of America,ORL,2019.0,-3.5,175.0,43.0,8.7,0.307,0.512,494.0,0.453,224.0,62.0,"$1,618,520",113.0,18.0,SF,237.0,21.0,0.816,46.0,67.0,25.0,11.0
456,cartemi01,Michael Carter-Williams,190,1991-10-10,77,United States of America,ORL,2019.0,-0.9,357.0,192.0,13.9,0.256,0.475,2783.0,0.4370000000000001,1216.0,78.0,"$2,028,594",140.0,48.0,SG,302.0,20.0,0.828,102.0,68.0,45.0,20.0
457,birchkh01,Khem Birch,233,1992-09-28,81,Canada,,2019.0,,,,,,,,,,201.0,"$3,000,000",550.0,64.0,,571.0,0.0,0.6679999999999999,107.0,2.0,49.0,71.0
458,isaacjo01,Jonathan Isaac,210,1997-10-03,83,United States of America,ORL,2019.0,0.1,134.0,106.0,13.6,0.328,0.529,675.0,0.495,334.0,79.0,"$5,806,440",222.0,47.0,SF,384.0,30.0,0.767,44.0,91.0,50.0,78.0
459,aminual01,Al-Farouq Aminu,220,1990-09-21,80,United States of America,ORL,2019.0,-0.5,688.0,431.0,12.3,0.335,0.518,2945.0,0.467,1375.0,27.0,"$9,258,000",87.0,17.0,PF,78.0,9.0,0.655,21.0,36.0,18.0,8.0
460,clarkga01,Gary Clark,225,1994-11-16,78,United States of America,TOT,2019.0,-1.3,86.0,3.0,9.6,0.308,0.502,28.0,0.679,19.0,31.0,"$708,426",85.0,5.0,PF,112.0,28.0,0.889,15.0,86.0,5.0,14.0
461,frazime01,Melvin Frazier,200,1996-08-30,77,United States of America,ORL,2019.0,-9.1,25.0,0.0,4.6,0.308,0.397,25.0,0.36,9.0,8.0,"$1,416,852",4.0,3.0,SG,18.0,4.0,0.5,1.0,7.0,4.0,2.0
462,ennisja01,James Ennis,210,1990-07-01,78,United States of America,TOT,2019.0,-1.4,339.0,95.0,11.5,0.354,0.5770000000000001,915.0,0.5329999999999999,488.0,109.0,"$1,882,867",199.0,43.0,SF,366.0,47.0,0.8079999999999999,54.0,139.0,29.0,20.0
463,johnsbj01,B.J. Johnson,200,1995-12-21,79,United States of America,ORL,2019.0,-6.9,15.0,0.0,7.8,0.308,0.477,23.0,0.435,10.0,0.0,,6.0,3.0,SF,13.0,1.0,1.0,2.0,6.0,2.0,0.0
464,lawvi01,Vic Law,200,1995-12-19,79,United States of America,ORL,2020.0,-25.2,5.0,0.0,-16.6,0.0,0.0,2.0,0.0,0.0,0.0,,1.0,0.0,SF,0.0,0.0,0.0,0.0,1.0,0.0,0.0
465,pascher01,Eric Paschall,255,1996-11-04,78,United States of America,GSW,2020.0,-2.7,60.0,26.0,14.5,0.287,0.5710000000000001,511.0,0.55,281.0,125.0,"$898,310",275.0,94.0,PF,837.0,37.0,0.774,127.0,129.0,32.0,13.0
466,chrisma01,Marquese Chriss,240,1997-07-02,81,United States of America,GSW,2019.0,-2.3,256.0,147.0,13.4,0.29,0.5329999999999999,1149.0,0.532,611.0,122.0,"$654,468",365.0,78.0,PF,548.0,8.0,0.769,114.0,39.0,39.0,62.0
467,poolejo01,Jordan Poole,195,1999-06-19,76,United States of America,GSW,2020.0,-6.6,57.0,14.0,7.2,0.279,0.454,237.0,0.392,93.0,94.0,"$1,964,760",118.0,74.0,SG,503.0,74.0,0.7979999999999999,134.0,265.0,35.0,10.0
468,leeda03,Damion Lee,210,1992-10-21,77,United States of America,,2019.0,,,,,,,,,,169.0,"$842,327",374.0,92.0,,940.0,127.0,0.853,175.0,367.0,82.0,7.0
469,bowmaky01,Ky Bowman,181,1997-06-16,73,United States of America,GSW,2020.0,-4.3,45.0,12.0,9.2,0.308,0.494,214.0,0.472,101.0,102.0,"$350,189",121.0,70.0,PG,335.0,33.0,0.8290000000000001,131.0,107.0,44.0,10.0
470,greendr01,Draymond Green,230,1990-03-04,78,United States of America,GSW,2019.0,2.8,576.0,428.0,15.1,0.319,0.531,2675.0,0.506,1354.0,110.0,"$18,539,130",266.0,98.0,PF,345.0,36.0,0.759,266.0,129.0,59.0,33.0
471,looneke01,Kevon Looney,220,1996-02-06,81,United States of America,GSW,2019.0,-0.5,224.0,36.0,15.4,0.15,0.5870000000000001,693.0,0.595,412.0,34.0,"$4,464,286",66.0,12.0,C,68.0,1.0,0.75,20.0,14.0,12.0,6.0
472,smailal01,Alen Smailagić,215,2000-08-18,82,Serbia,GSW,2020.0,-2.1,14.0,0.0,14.5,0.231,0.61,27.0,0.63,17.0,14.0,"$898,310",27.0,11.0,PF,59.0,3.0,0.8420000000000001,13.0,13.0,3.0,4.0
473,toscaju01,Juan Toscano-Anderson,215,1993-04-10,78,United States of America,GSW,2020.0,-3.5,13.0,6.0,9.4,0.348,0.529,40.0,0.525,21.0,30.0,"$350,189",52.0,16.0,SF,69.0,8.0,0.6,26.0,23.0,13.0,5.0
474,wiggian01,Andrew Wiggins,194,1995-02-23,79,Canada,TOT,2019.0,-1.9,454.0,454.0,14.7,0.332,0.522,5863.0,0.471,2764.0,127.0,"$27,504,630",274.0,132.0,SF-SG,1175.0,111.0,0.7090000000000001,198.0,334.0,45.0,53.0
475,bendedr01,Dragan Bender,225,1997-11-17,84,Bosnia and Herzegovina,TOT,2019.0,-3.9,187.0,67.0,7.6,0.32299999999999995,0.512,367.0,0.518,190.0,42.0,"$189,702",73.0,21.0,SF,107.0,15.0,0.7140000000000001,28.0,43.0,4.0,9.0
476,muldemy01,Mychal Mulder,185,1994-06-12,76,Canada,GSW,2020.0,-6.1,7.0,3.0,7.8,0.308,0.5329999999999999,15.0,0.667,10.0,20.0,"$187,782",23.0,5.0,SG,77.0,16.0,0.75,8.0,52.0,2.0,1.0
477,curryst01,Stephen Curry,190,1988-03-14,75,United States of America,GSW,2019.0,6.4,699.0,693.0,23.8,0.435,0.623,6192.0,0.515,3187.0,11.0,"$40,231,758",26.0,16.0,PG,104.0,12.0,1.0,33.0,49.0,5.0,2.0
478,randlch01,Chasson Randle,185,1993-02-05,74,United States of America,GSW,2019.0,-3.4,78.0,2.0,10.8,0.378,0.561,155.0,0.445,69.0,3.0,"$91,557",2.0,0.0,PG,5.0,0.0,0.833,5.0,2.0,2.0,0.0
479,thompkl01,Klay Thompson,215,1990-02-08,78,United States of America,GSW,2019.0,0.7,615.0,578.0,16.4,0.419,0.575,5533.0,0.491,2714.0,157.0,"$32,742,000",299.0,115.0,SG,1680.0,241.0,0.816,186.0,599.0,84.0,47.0
480,bridgmi02,Miles Bridges,225,1998-03-21,78,United States of America,CHO,2019.0,-1.7,145.0,89.0,12.6,0.328,0.531,764.0,0.513,392.0,132.0,"$3,755,400",362.0,95.0,SF,843.0,99.0,0.809,114.0,300.0,40.0,48.0
481,grahade01,Devonte' Graham,185,1995-02-22,73,United States of America,CHO,2019.0,-0.6,109.0,56.0,14.5,0.35700000000000004,0.523,473.0,0.402,190.0,115.0,"$1,416,852",212.0,181.0,PG,1145.0,218.0,0.82,471.0,585.0,62.0,15.0
482,roziete01,Terry Rozier,190,1994-03-17,73,United States of America,CHO,2019.0,-0.1,335.0,93.0,13.4,0.371,0.512,1556.0,0.415,645.0,126.0,"$19,894,737",276.0,141.0,PG,1134.0,172.0,0.8740000000000001,259.0,423.0,61.0,10.0
483,washipj01,P.J. Washington,236,1998-08-23,79,United States of America,CHO,2020.0,-1.6,58.0,57.0,12.4,0.374,0.547,359.0,0.507,182.0,158.0,"$3,831,840",316.0,93.0,PF,710.0,86.0,0.647,123.0,230.0,51.0,44.0
484,zelleco01,Cody Zeller,240,1992-10-05,84,United States of America,CHO,2019.0,-0.5,419.0,252.0,16.0,0.248,0.5710000000000001,2524.0,0.525,1326.0,140.0,"$14,471,910",411.0,75.0,C,642.0,18.0,0.682,88.0,75.0,40.0,25.0
485,monkma01,Malik Monk,200,1998-02-04,75,United States of America,CHO,2019.0,-2.9,191.0,1.0,11.7,0.322,0.51,722.0,0.474,342.0,74.0,"$4,028,400",157.0,77.0,SG,564.0,58.0,0.82,114.0,204.0,25.0,16.0
486,biyombi01,Bismack Biyombo,255,1992-08-28,80,Democratic Replubic of Congo,CHO,2019.0,-2.6,636.0,271.0,13.1,0.0,0.5479999999999999,2365.0,0.521,1232.0,116.0,"$17,000,000",308.0,48.0,C,393.0,0.0,0.603,50.0,0.0,10.0,49.0
487,martico01,Cody Martin,205,1995-09-28,77,United States of America,CHO,2020.0,-2.1,48.0,3.0,10.5,0.234,0.505,130.0,0.546,71.0,78.0,"$1,173,310",158.0,44.0,SF,238.0,18.0,0.6459999999999999,95.0,77.0,39.0,9.0
488,bacondw01,Dwayne Bacon,221,1995-08-30,78,United States of America,CHO,2019.0,-5.0,135.0,30.0,8.0,0.345,0.478,496.0,0.425,211.0,52.0,"$1,618,520",100.0,37.0,SG,224.0,19.0,0.66,52.0,67.0,23.0,2.0
489,hernawi01,Willy Hernangómez,240,1994-05-27,83,Spain,CHO,2019.0,0.1,209.0,26.0,19.7,0.33,0.579,975.0,0.5489999999999999,535.0,32.0,"$1,676,735",134.0,30.0,C,190.0,5.0,0.627,29.0,22.0,10.0,7.0
490,batumni01,Nicolas Batum,200,1988-12-14,81,France,CHO,2019.0,1.6,789.0,714.0,14.8,0.35700000000000004,0.556,3974.0,0.503,1998.0,41.0,"$25,565,217",100.0,22.0,SF,79.0,14.0,0.9,66.0,49.0,17.0,8.0
491,martica02,Caleb Martin,205,1995-09-28,77,United States of America,CHO,2020.0,-1.0,18.0,1.0,12.0,0.541,0.595,47.0,0.362,17.0,32.0,"$898,310",38.0,15.0,SF,111.0,20.0,0.81,23.0,37.0,12.0,7.0
492,mcdanja01,Jalen McDaniels,192,1998-01-31,82,United States of America,CHO,2020.0,-3.3,16.0,0.0,10.7,0.375,0.574,46.0,0.522,24.0,36.0,"$898,310",65.0,11.0,PF,89.0,9.0,0.8240000000000001,13.0,24.0,8.0,3.0
493,chealjo01,Joe Chealey,190,1995-11-01,75,United States of America,CHO,2019.0,-13.0,5.0,0.0,-1.9,0.0,0.184,6.0,0.16699999999999998,1.0,2.0,"$163,356",0.0,2.0,PG,2.0,0.0,1.0,1.0,4.0,4.0,0.0
494,simmoko01,Kobi Simmons,166,1997-07-04,77,United States of America,CLE,2019.0,-6.9,33.0,12.0,7.7,0.282,0.49,150.0,0.46,69.0,0.0,,0.0,0.0,PG,0.0,0.0,,0.0,0.0,0.0,0.0
495,spaldra01,Ray Spalding,215,1997-03-11,82,United States of America,TOT,2019.0,-5.1,14.0,3.0,14.6,0.0,0.516,44.0,0.568,25.0,23.0,,48.0,9.0,PF,54.0,0.0,0.33299999999999996,5.0,3.0,9.0,8.0
